G20
G17
G90
G00 X2.4514 Y10.6028
G01 X2.4496 Y10.6021
G01 X2.4476 Y10.6014
G01 X2.4457 Y10.6007
G01 X2.4436 Y10.6000
G01 X2.4415 Y10.5992
G01 X2.4393 Y10.5985
G01 X2.4370 Y10.5977
G01 X2.4347 Y10.5969
G01 X2.4323 Y10.5961
G01 X2.4298 Y10.5953
G01 X2.4273 Y10.5944
G01 X2.4247 Y10.5936
G01 X2.4220 Y10.5927
G01 X2.4193 Y10.5918
G01 X2.4165 Y10.5909
G01 X2.4137 Y10.5900
G01 X2.4108 Y10.5891
G01 X2.4078 Y10.5882
G01 X2.4048 Y10.5872
G01 X2.4017 Y10.5862
G01 X2.3986 Y10.5853
G01 X2.3954 Y10.5843
G01 X2.3922 Y10.5833
G01 X2.3889 Y10.5822
G01 X2.3855 Y10.5812
G01 X2.3822 Y10.5802
G01 X2.3787 Y10.5791
G01 X2.3752 Y10.5781
G01 X2.3717 Y10.5770
G01 X2.3681 Y10.5759
G01 X2.3645 Y10.5748
G01 X2.3609 Y10.5737
G01 X2.3572 Y10.5726
G01 X2.3534 Y10.5715
G01 X2.3496 Y10.5704
G01 X2.3458 Y10.5692
G01 X2.3419 Y10.5681
G01 X2.3380 Y10.5670
G01 X2.3341 Y10.5658
G01 X2.3301 Y10.5646
G01 X2.3261 Y10.5635
G01 X2.3221 Y10.5623
G01 X2.3180 Y10.5611
G01 X2.3139 Y10.5599
G01 X2.3098 Y10.5587
G01 X2.3056 Y10.5575
G01 X2.3014 Y10.5563
G01 X2.2972 Y10.5551
G01 X2.2929 Y10.5538
G01 X2.2887 Y10.5526
G01 X2.2844 Y10.5514
G01 X2.2801 Y10.5502
G01 X2.2757 Y10.5489
G01 X2.2714 Y10.5477
G01 X2.2670 Y10.5464
G01 X2.2626 Y10.5452
G01 X2.2582 Y10.5440
G01 X2.2537 Y10.5427
G01 X2.2493 Y10.5415
G01 X2.2448 Y10.5402
G01 X2.2403 Y10.5389
G01 X2.2359 Y10.5377
G01 X2.2314 Y10.5364
G01 X2.2268 Y10.5352
G01 X2.2223 Y10.5339
G01 X2.2178 Y10.5327
G01 X2.2133 Y10.5314
G01 X2.2087 Y10.5301
G01 X2.2042 Y10.5289
G01 X2.1996 Y10.5276
G01 X2.1951 Y10.5264
G01 X2.1905 Y10.5251
G01 X2.1859 Y10.5239
G01 X2.1814 Y10.5226
G01 X2.1768 Y10.5214
G01 X2.1723 Y10.5201
G01 X2.1677 Y10.5189
G01 X2.1631 Y10.5177
G01 X2.1586 Y10.5164
G01 X2.1541 Y10.5152
G01 X2.1495 Y10.5140
G01 X2.1450 Y10.5128
G01 X2.1405 Y10.5115
G01 X2.1360 Y10.5103
G01 X2.1315 Y10.5091
G01 X2.1270 Y10.5079
G01 X2.1225 Y10.5067
G01 X2.1181 Y10.5056
G01 X2.1124 Y10.5040
G01 X2.1067 Y10.5026
G01 X2.1011 Y10.5011
G01 X2.0956 Y10.4996
G01 X2.0901 Y10.4981
G01 X2.0846 Y10.4967
G01 X2.0792 Y10.4952
G01 X2.0738 Y10.4938
G01 X2.0684 Y10.4923
G01 X2.0631 Y10.4909
G01 X2.0578 Y10.4895
G01 X2.0526 Y10.4881
G01 X2.0474 Y10.4866
G01 X2.0423 Y10.4852
G01 X2.0371 Y10.4839
G01 X2.0321 Y10.4825
G01 X2.0270 Y10.4811
G01 X2.0220 Y10.4797
G01 X2.0171 Y10.4784
G01 X2.0121 Y10.4770
G01 X2.0073 Y10.4757
G01 X2.0024 Y10.4743
G01 X1.9976 Y10.4730
G01 X1.9928 Y10.4716
G01 X1.9880 Y10.4703
G01 X1.9833 Y10.4690
G01 X1.9786 Y10.4677
G01 X1.9740 Y10.4664
G01 X1.9694 Y10.4651
G01 X1.9648 Y10.4638
G01 X1.9603 Y10.4625
G01 X1.9557 Y10.4612
G01 X1.9513 Y10.4599
G01 X1.9468 Y10.4587
G01 X1.9424 Y10.4574
G01 X1.9380 Y10.4561
G01 X1.9337 Y10.4549
G01 X1.9293 Y10.4536
G01 X1.9250 Y10.4524
G01 X1.9208 Y10.4512
G01 X1.9165 Y10.4499
G01 X1.9123 Y10.4487
G01 X1.9082 Y10.4474
G01 X1.9040 Y10.4462
G01 X1.8999 Y10.4450
G01 X1.8958 Y10.4438
G01 X1.8917 Y10.4426
G01 X1.8877 Y10.4414
G01 X1.8837 Y10.4402
G01 X1.8797 Y10.4390
G01 X1.8757 Y10.4378
G01 X1.8718 Y10.4366
G01 X1.8679 Y10.4354
G01 X1.8640 Y10.4342
G01 X1.8602 Y10.4330
G01 X1.8563 Y10.4318
G01 X1.8525 Y10.4306
G01 X1.8487 Y10.4294
G01 X1.8450 Y10.4283
G01 X1.8412 Y10.4271
G01 X1.8375 Y10.4259
G01 X1.8338 Y10.4247
G01 X1.8301 Y10.4236
G01 X1.8265 Y10.4224
G01 X1.8229 Y10.4212
G01 X1.8193 Y10.4201
G01 X1.8157 Y10.4189
G01 X1.8121 Y10.4178
G01 X1.8086 Y10.4166
G01 X1.8050 Y10.4154
G01 X1.8015 Y10.4143
G01 X1.7980 Y10.4131
G01 X1.7946 Y10.4120
G01 X1.7911 Y10.4108
G01 X1.7877 Y10.4097
G01 X1.7843 Y10.4085
G01 X1.7809 Y10.4074
G01 X1.7775 Y10.4062
G01 X1.7741 Y10.4051
G01 X1.7708 Y10.4039
G01 X1.7675 Y10.4028
G01 X1.7641 Y10.4016
G01 X1.7608 Y10.4004
G01 X1.7576 Y10.3993
G01 X1.7543 Y10.3981
G01 X1.7510 Y10.3970
G01 X1.7478 Y10.3958
G01 X1.7446 Y10.3947
G01 X1.7413 Y10.3935
G01 X1.7381 Y10.3924
G01 X1.7349 Y10.3912
G01 X1.7318 Y10.3900
G01 X1.7286 Y10.3889
G01 X1.7254 Y10.3877
G01 X1.7223 Y10.3866
G01 X1.7192 Y10.3854
G01 X1.7160 Y10.3842
G01 X1.7129 Y10.3830
G01 X1.7098 Y10.3819
G01 X1.7067 Y10.3807
G01 X1.7037 Y10.3795
G01 X1.7006 Y10.3783
G01 X1.6975 Y10.3772
G01 X1.6945 Y10.3760
G01 X1.6914 Y10.3748
G01 X1.6884 Y10.3736
G01 X1.6853 Y10.3724
G01 X1.6823 Y10.3712
G01 X1.6793 Y10.3700
G01 X1.6763 Y10.3688
G01 X1.6732 Y10.3676
G01 X1.6702 Y10.3664
G01 X1.6672 Y10.3652
G01 X1.6642 Y10.3640
G01 X1.6612 Y10.3627
G01 X1.6583 Y10.3615
G01 X1.6553 Y10.3603
G01 X1.6523 Y10.3590
G01 X1.6493 Y10.3578
G01 X1.6463 Y10.3566
G01 X1.6434 Y10.3553
G01 X1.6404 Y10.3541
G01 X1.6374 Y10.3528
G01 X1.6345 Y10.3515
G01 X1.6315 Y10.3503
G01 X1.6285 Y10.3490
G01 X1.6256 Y10.3477
G01 X1.6226 Y10.3464
G01 X1.6196 Y10.3452
G01 X1.6167 Y10.3439
G01 X1.6137 Y10.3426
G01 X1.6107 Y10.3413
G01 X1.6078 Y10.3399
G01 X1.6048 Y10.3386
G01 X1.6018 Y10.3373
G01 X1.5988 Y10.3360
G01 X1.5959 Y10.3346
G01 X1.5929 Y10.3333
G01 X1.5899 Y10.3319
G01 X1.5869 Y10.3306
G01 X1.5839 Y10.3292
G01 X1.5809 Y10.3279
G01 X1.5779 Y10.3265
G01 X1.5749 Y10.3251
G01 X1.5719 Y10.3237
G01 X1.5688 Y10.3223
G01 X1.5658 Y10.3209
G01 X1.5628 Y10.3195
G01 X1.5597 Y10.3181
G01 X1.5562 Y10.3164
G01 X1.5526 Y10.3148
G01 X1.5490 Y10.3132
G01 X1.5455 Y10.3115
G01 X1.5419 Y10.3099
G01 X1.5383 Y10.3082
G01 X1.5348 Y10.3065
G01 X1.5312 Y10.3048
G01 X1.5277 Y10.3031
G01 X1.5241 Y10.3014
G01 X1.5206 Y10.2997
G01 X1.5171 Y10.2980
G01 X1.5135 Y10.2962
G01 X1.5100 Y10.2945
G01 X1.5065 Y10.2927
G01 X1.5030 Y10.2909
G01 X1.4994 Y10.2892
G01 X1.4959 Y10.2874
G01 X1.4924 Y10.2856
G01 X1.4889 Y10.2838
G01 X1.4854 Y10.2820
G01 X1.4819 Y10.2801
G01 X1.4784 Y10.2783
G01 X1.4749 Y10.2765
G01 X1.4714 Y10.2746
G01 X1.4679 Y10.2728
G01 X1.4644 Y10.2709
G01 X1.4609 Y10.2690
G01 X1.4574 Y10.2671
G01 X1.4540 Y10.2652
G01 X1.4505 Y10.2633
G01 X1.4470 Y10.2614
G01 X1.4436 Y10.2595
G01 X1.4401 Y10.2575
G01 X1.4367 Y10.2556
G01 X1.4332 Y10.2536
G01 X1.4298 Y10.2517
G01 X1.4263 Y10.2497
G01 X1.4229 Y10.2477
G01 X1.4194 Y10.2457
G01 X1.4160 Y10.2437
G01 X1.4126 Y10.2417
G01 X1.4092 Y10.2397
G01 X1.4058 Y10.2377
G01 X1.4023 Y10.2357
G01 X1.3989 Y10.2336
G01 X1.3955 Y10.2316
G01 X1.3921 Y10.2295
G01 X1.3887 Y10.2275
G01 X1.3853 Y10.2254
G01 X1.3820 Y10.2233
G01 X1.3786 Y10.2212
G01 X1.3752 Y10.2191
G01 X1.3718 Y10.2170
G01 X1.3685 Y10.2149
G01 X1.3651 Y10.2128
G01 X1.3618 Y10.2106
G01 X1.3584 Y10.2085
G01 X1.3551 Y10.2064
G01 X1.3517 Y10.2042
G01 X1.3484 Y10.2020
G01 X1.3450 Y10.1999
G01 X1.3417 Y10.1977
G01 X1.3384 Y10.1955
G01 X1.3351 Y10.1933
G01 X1.3318 Y10.1911
G01 X1.3285 Y10.1889
G01 X1.3252 Y10.1867
G01 X1.3219 Y10.1844
G01 X1.3186 Y10.1822
G01 X1.3153 Y10.1800
G01 X1.3120 Y10.1777
G01 X1.3088 Y10.1754
G01 X1.3055 Y10.1732
G01 X1.3022 Y10.1709
G01 X1.2990 Y10.1686
G01 X1.2957 Y10.1663
G01 X1.2925 Y10.1640
G01 X1.2892 Y10.1617
G01 X1.2860 Y10.1594
G01 X1.2828 Y10.1571
G01 X1.2796 Y10.1548
G01 X1.2763 Y10.1524
G01 X1.2731 Y10.1501
G01 X1.2699 Y10.1477
G01 X1.2667 Y10.1454
G01 X1.2635 Y10.1430
G01 X1.2604 Y10.1406
G01 X1.2572 Y10.1383
G01 X1.2540 Y10.1359
G01 X1.2508 Y10.1335
G01 X1.2477 Y10.1311
G01 X1.2445 Y10.1287
G01 X1.2414 Y10.1262
G01 X1.2382 Y10.1238
G01 X1.2351 Y10.1214
G01 X1.2320 Y10.1190
G01 X1.2289 Y10.1165
G01 X1.2257 Y10.1141
G01 X1.2226 Y10.1116
G01 X1.2195 Y10.1091
G01 X1.2164 Y10.1067
G01 X1.2134 Y10.1042
G01 X1.2103 Y10.1017
G01 X1.2072 Y10.0992
G01 X1.2041 Y10.0967
G01 X1.2011 Y10.0942
G01 X1.1980 Y10.0917
G01 X1.1950 Y10.0892
G01 X1.1919 Y10.0867
G01 X1.1889 Y10.0841
G01 X1.1859 Y10.0816
G01 X1.1828 Y10.0790
G01 X1.1798 Y10.0765
G01 X1.1768 Y10.0739
G01 X1.1738 Y10.0714
G01 X1.1708 Y10.0688
G01 X1.1679 Y10.0662
G01 X1.1649 Y10.0636
G01 X1.1619 Y10.0611
G01 X1.1590 Y10.0585
G01 X1.1560 Y10.0559
G01 X1.1531 Y10.0532
G01 X1.1501 Y10.0506
G01 X1.1472 Y10.0480
G01 X1.1443 Y10.0454
G01 X1.1414 Y10.0428
G01 X1.1384 Y10.0401
G01 X1.1355 Y10.0375
G01 X1.1327 Y10.0348
G01 X1.1298 Y10.0322
G01 X1.1269 Y10.0295
G01 X1.1240 Y10.0268
G01 X1.1212 Y10.0242
G01 X1.1183 Y10.0215
G01 X1.1155 Y10.0188
G01 X1.1126 Y10.0161
G01 X1.1098 Y10.0134
G01 X1.1070 Y10.0107
G01 X1.1042 Y10.0080
G01 X1.1014 Y10.0053
G01 X1.0986 Y10.0026
G01 X1.0958 Y9.9998
G01 X1.0930 Y9.9971
G01 X1.0902 Y9.9944
G01 X1.0875 Y9.9916
G01 X1.0847 Y9.9889
G01 X1.0810 Y9.9851
G01 X1.0772 Y9.9814
G01 X1.0735 Y9.9776
G01 X1.0698 Y9.9738
G01 X1.0661 Y9.9701
G01 X1.0624 Y9.9663
G01 X1.0587 Y9.9626
G01 X1.0551 Y9.9588
G01 X1.0514 Y9.9551
G01 X1.0478 Y9.9513
G01 X1.0442 Y9.9476
G01 X1.0406 Y9.9438
G01 X1.0371 Y9.9401
G01 X1.0335 Y9.9363
G01 X1.0300 Y9.9326
G01 X1.0265 Y9.9289
G01 X1.0230 Y9.9251
G01 X1.0195 Y9.9214
G01 X1.0161 Y9.9177
G01 X1.0126 Y9.9139
G01 X1.0092 Y9.9102
G01 X1.0058 Y9.9065
G01 X1.0024 Y9.9027
G01 X0.9990 Y9.8990
G01 X0.9957 Y9.8953
G01 X0.9923 Y9.8915
G01 X0.9890 Y9.8878
G01 X0.9857 Y9.8841
G01 X0.9824 Y9.8804
G01 X0.9791 Y9.8767
G01 X0.9759 Y9.8729
G01 X0.9726 Y9.8692
G01 X0.9694 Y9.8655
G01 X0.9662 Y9.8618
G01 X0.9630 Y9.8581
G01 X0.9599 Y9.8544
G01 X0.9567 Y9.8507
G01 X0.9536 Y9.8470
G01 X0.9505 Y9.8433
G01 X0.9474 Y9.8396
G01 X0.9443 Y9.8359
G01 X0.9412 Y9.8322
G01 X0.9382 Y9.8285
G01 X0.9351 Y9.8248
G01 X0.9321 Y9.8211
G01 X0.9291 Y9.8174
G01 X0.9261 Y9.8137
G01 X0.9232 Y9.8100
G01 X0.9202 Y9.8063
G01 X0.9173 Y9.8026
G01 X0.9144 Y9.7989
G01 X0.9115 Y9.7952
G01 X0.9086 Y9.7915
G01 X0.9058 Y9.7879
G01 X0.9029 Y9.7842
G01 X0.9001 Y9.7805
G01 X0.8973 Y9.7768
G01 X0.8945 Y9.7732
G01 X0.8917 Y9.7695
G01 X0.8889 Y9.7658
G01 X0.8862 Y9.7621
G01 X0.8835 Y9.7585
G01 X0.8808 Y9.7548
G01 X0.8781 Y9.7511
G01 X0.8754 Y9.7475
G01 X0.8728 Y9.7438
G01 X0.8701 Y9.7401
G01 X0.8675 Y9.7365
G01 X0.8649 Y9.7328
G01 X0.8623 Y9.7292
G01 X0.8597 Y9.7255
G01 X0.8572 Y9.7218
G01 X0.8547 Y9.7182
G01 X0.8521 Y9.7145
G01 X0.8496 Y9.7109
G01 X0.8472 Y9.7072
G01 X0.8447 Y9.7036
G01 X0.8422 Y9.7000
G01 X0.8398 Y9.6963
G01 X0.8374 Y9.6927
G01 X0.8350 Y9.6890
G01 X0.8326 Y9.6854
G01 X0.8302 Y9.6818
G01 X0.8279 Y9.6781
G01 X0.8256 Y9.6745
G01 X0.8233 Y9.6708
G01 X0.8210 Y9.6672
G01 X0.8187 Y9.6636
G01 X0.8164 Y9.6600
G01 X0.8142 Y9.6563
G01 X0.8120 Y9.6527
G01 X0.8097 Y9.6491
G01 X0.8076 Y9.6455
G01 X0.8054 Y9.6418
G01 X0.8032 Y9.6382
G01 X0.8011 Y9.6346
G01 X0.7990 Y9.6310
G01 X0.7968 Y9.6274
G01 X0.7948 Y9.6238
G01 X0.7927 Y9.6201
G01 X0.7906 Y9.6165
G01 X0.7886 Y9.6129
G01 X0.7866 Y9.6093
G01 X0.7846 Y9.6057
G01 X0.7826 Y9.6021
G01 X0.7806 Y9.5985
G01 X0.7787 Y9.5949
G01 X0.7767 Y9.5913
G01 X0.7748 Y9.5877
G01 X0.7729 Y9.5841
G01 X0.7710 Y9.5805
G01 X0.7692 Y9.5769
G01 X0.7673 Y9.5733
G01 X0.7655 Y9.5698
G01 X0.7637 Y9.5662
G01 X0.7619 Y9.5626
G01 X0.7601 Y9.5590
G01 X0.7583 Y9.5554
G01 X0.7566 Y9.5518
G01 X0.7548 Y9.5482
G01 X0.7531 Y9.5447
G01 X0.7514 Y9.5411
G01 X0.7497 Y9.5375
G01 X0.7481 Y9.5339
G01 X0.7464 Y9.5304
G01 X0.7448 Y9.5268
G01 X0.7432 Y9.5232
G01 X0.7416 Y9.5197
G01 X0.7400 Y9.5161
G01 X0.7385 Y9.5125
G01 X0.7369 Y9.5090
G01 X0.7354 Y9.5054
G01 X0.7339 Y9.5018
G01 X0.7324 Y9.4983
G01 X0.7309 Y9.4947
G01 X0.7295 Y9.4912
G01 X0.7281 Y9.4876
G01 X0.7266 Y9.4841
G01 X0.7252 Y9.4805
G01 X0.7238 Y9.4770
G01 X0.7225 Y9.4734
G01 X0.7211 Y9.4699
G01 X0.7198 Y9.4663
G01 X0.7185 Y9.4628
G01 X0.7172 Y9.4592
G01 X0.7159 Y9.4557
G01 X0.7146 Y9.4522
G01 X0.7134 Y9.4486
G01 X0.7121 Y9.4451
G01 X0.7109 Y9.4416
G01 X0.7097 Y9.4380
G01 X0.7085 Y9.4345
G01 X0.7074 Y9.4310
G01 X0.7062 Y9.4274
G01 X0.7051 Y9.4239
G01 X0.7040 Y9.4204
G01 X0.7029 Y9.4169
G01 X0.7018 Y9.4133
G01 X0.7007 Y9.4098
G01 X0.6997 Y9.4063
G01 X0.6987 Y9.4028
G01 X0.6977 Y9.3993
G01 X0.6967 Y9.3958
G01 X0.6957 Y9.3922
G01 X0.6947 Y9.3887
G01 X0.6938 Y9.3852
G01 X0.6929 Y9.3817
G01 X0.6920 Y9.3782
G01 X0.6911 Y9.3747
G01 X0.6902 Y9.3712
G01 X0.6894 Y9.3677
G01 X0.6885 Y9.3642
G01 X0.6877 Y9.3607
G01 X0.6869 Y9.3572
G01 X0.6861 Y9.3537
G01 X0.6853 Y9.3502
G01 X0.6846 Y9.3467
G01 X0.6838 Y9.3432
G01 X0.6831 Y9.3398
G01 X0.6824 Y9.3363
G01 X0.6817 Y9.3328
G01 X0.6811 Y9.3293
G01 X0.6804 Y9.3258
G01 X0.6798 Y9.3223
G01 X0.6792 Y9.3189
G01 X0.6786 Y9.3154
G01 X0.6780 Y9.3119
G01 X0.6774 Y9.3084
G01 X0.6769 Y9.3050
G01 X0.6764 Y9.3015
G01 X0.6759 Y9.2980
G01 X0.6754 Y9.2945
G01 X0.6749 Y9.2911
G01 X0.6744 Y9.2876
G01 X0.6740 Y9.2841
G01 X0.6736 Y9.2807
G01 X0.6731 Y9.2772
G01 X0.6727 Y9.2738
G01 X0.6724 Y9.2703
G01 X0.6720 Y9.2669
G01 X0.6717 Y9.2634
G01 X0.6714 Y9.2599
G01 X0.6710 Y9.2565
G01 X0.6708 Y9.2530
G01 X0.6705 Y9.2496
G01 X0.6702 Y9.2461
G01 X0.6700 Y9.2427
G01 X0.6698 Y9.2393
G01 X0.6696 Y9.2358
G01 X0.6694 Y9.2324
G01 X0.6692 Y9.2289
G01 X0.6691 Y9.2255
G01 X0.6689 Y9.2221
G01 X0.6688 Y9.2186
G01 X0.6687 Y9.2152
G01 X0.6686 Y9.2118
G01 X0.6686 Y9.2083
G01 X0.6685 Y9.2049
G01 X0.6685 Y9.2015
G01 X0.6685 Y9.1981
G01 X0.6685 Y9.1946
G01 X0.6685 Y9.1912
G01 X0.6685 Y9.1878
G01 X0.6686 Y9.1844
G01 X0.6687 Y9.1810
G01 X0.6687 Y9.1776
G01 X0.6688 Y9.1741
G01 X0.6690 Y9.1707
G01 X0.6691 Y9.1673
G01 X0.6693 Y9.1639
G01 X0.6694 Y9.1605
G01 X0.6696 Y9.1571
G01 X0.6698 Y9.1537
G01 X0.6701 Y9.1503
G01 X0.6703 Y9.1469
G01 X0.6706 Y9.1435
G01 X0.6708 Y9.1401
G01 X0.6711 Y9.1367
G01 X0.6715 Y9.1333
G01 X0.6718 Y9.1299
G01 X0.6721 Y9.1265
G01 X0.6725 Y9.1231
G01 X0.6729 Y9.1197
G01 X0.6733 Y9.1164
G01 X0.6737 Y9.1130
G01 X0.6741 Y9.1096
G01 X0.6746 Y9.1062
G01 X0.6750 Y9.1028
G01 X0.6755 Y9.0994
G01 X0.6760 Y9.0961
G01 X0.6765 Y9.0927
G01 X0.6771 Y9.0893
G01 X0.6776 Y9.0859
G01 X0.6782 Y9.0826
G01 X0.6788 Y9.0792
G01 X0.6794 Y9.0758
G01 X0.6800 Y9.0725
G01 X0.6806 Y9.0691
G01 X0.6813 Y9.0657
G01 X0.6820 Y9.0624
G01 X0.6827 Y9.0590
G01 X0.6834 Y9.0557
G01 X0.6841 Y9.0523
G01 X0.6848 Y9.0489
G01 X0.6856 Y9.0456
G01 X0.6864 Y9.0422
G01 X0.6872 Y9.0389
G01 X0.6880 Y9.0355
G01 X0.6888 Y9.0322
G01 X0.6896 Y9.0289
G01 X0.6905 Y9.0255
G01 X0.6914 Y9.0222
G01 X0.6923 Y9.0188
G01 X0.6932 Y9.0155
G01 X0.6941 Y9.0121
G01 X0.6951 Y9.0088
G01 X0.6960 Y9.0055
G01 X0.6970 Y9.0021
G01 X0.6980 Y8.9988
G01 X0.6990 Y8.9955
G01 X0.7001 Y8.9922
G01 X0.7011 Y8.9888
G01 X0.7022 Y8.9855
G01 X0.7033 Y8.9822
G01 X0.7044 Y8.9789
G01 X0.7055 Y8.9755
G01 X0.7066 Y8.9722
G01 X0.7078 Y8.9689
G01 X0.7089 Y8.9656
G01 X0.7101 Y8.9623
G01 X0.7113 Y8.9590
G01 X0.7126 Y8.9557
G01 X0.7138 Y8.9523
G01 X0.7150 Y8.9490
G01 X0.7163 Y8.9457
G01 X0.7176 Y8.9424
G01 X0.7189 Y8.9391
G01 X0.7202 Y8.9358
G01 X0.7216 Y8.9325
G01 X0.7229 Y8.9292
G01 X0.7243 Y8.9259
G01 X0.7257 Y8.9226
G01 X0.7271 Y8.9193
G01 X0.7286 Y8.9160
G01 X0.7300 Y8.9128
G01 X0.7315 Y8.9095
G01 X0.7329 Y8.9062
G01 X0.7344 Y8.9029
G01 X0.7360 Y8.8996
G01 X0.7375 Y8.8963
G01 X0.7390 Y8.8931
G01 X0.7406 Y8.8898
G01 X0.7422 Y8.8865
G01 X0.7438 Y8.8832
G01 X0.7454 Y8.8799
G01 X0.7470 Y8.8767
G01 X0.7487 Y8.8734
G01 X0.7504 Y8.8701
G01 X0.7520 Y8.8669
G01 X0.7537 Y8.8636
G01 X0.7555 Y8.8603
G01 X0.7572 Y8.8571
G01 X0.7590 Y8.8538
G01 X0.7607 Y8.8506
G01 X0.7625 Y8.8473
G01 X0.7643 Y8.8440
G01 X0.7661 Y8.8408
G01 X0.7680 Y8.8375
G01 X0.7698 Y8.8343
G01 X0.7717 Y8.8310
G01 X0.7736 Y8.8278
G01 X0.8208 Y8.7458
G01 X0.7792 Y8.6597
G01 X0.7777 Y8.6569
G01 X0.7762 Y8.6540
G01 X0.7747 Y8.6511
G01 X0.7732 Y8.6482
G01 X0.7716 Y8.6453
G01 X0.7700 Y8.6424
G01 X0.7684 Y8.6395
G01 X0.7667 Y8.6366
G01 X0.7650 Y8.6336
G01 X0.7632 Y8.6307
G01 X0.7615 Y8.6278
G01 X0.7597 Y8.6248
G01 X0.7579 Y8.6218
G01 X0.7560 Y8.6189
G01 X0.7541 Y8.6159
G01 X0.7522 Y8.6129
G01 X0.7502 Y8.6100
G01 X0.7482 Y8.6070
G01 X0.7462 Y8.6040
G01 X0.7442 Y8.6010
G01 X0.7421 Y8.5979
G01 X0.7400 Y8.5949
G01 X0.7378 Y8.5919
G01 X0.7356 Y8.5889
G01 X0.7334 Y8.5858
G01 X0.7312 Y8.5828
G01 X0.7289 Y8.5797
G01 X0.7266 Y8.5766
G01 X0.7242 Y8.5736
G01 X0.7219 Y8.5705
G01 X0.7195 Y8.5674
G01 X0.7170 Y8.5643
G01 X0.7145 Y8.5612
G01 X0.7120 Y8.5581
G01 X0.7095 Y8.5549
G01 X0.7069 Y8.5518
G01 X0.7043 Y8.5487
G01 X0.7017 Y8.5455
G01 X0.6990 Y8.5424
G01 X0.6963 Y8.5392
G01 X0.6936 Y8.5360
G01 X0.6908 Y8.5329
G01 X0.6880 Y8.5297
G01 X0.6852 Y8.5265
G01 X0.6823 Y8.5233
G01 X0.6794 Y8.5201
G01 X0.6765 Y8.5168
G01 X0.6735 Y8.5136
G01 X0.6705 Y8.5104
G01 X0.6675 Y8.5071
G01 X0.6644 Y8.5039
G01 X0.6613 Y8.5006
G01 X0.6582 Y8.4973
G01 X0.6550 Y8.4940
G01 X0.6518 Y8.4908
G01 X0.6486 Y8.4875
G01 X0.6453 Y8.4842
G01 X0.6420 Y8.4808
G01 X0.6387 Y8.4775
G01 X0.6353 Y8.4742
G01 X0.6319 Y8.4708
G01 X0.6277 Y8.4666
G01 X0.6235 Y8.4623
G01 X0.6193 Y8.4581
G01 X0.6152 Y8.4539
G01 X0.6111 Y8.4498
G01 X0.6071 Y8.4456
G01 X0.6031 Y8.4415
G01 X0.5992 Y8.4375
G01 X0.5954 Y8.4335
G01 X0.5916 Y8.4295
G01 X0.5880 Y8.4256
G01 X0.5843 Y8.4218
G01 X0.5808 Y8.4180
G01 X0.5773 Y8.4143
G01 X0.5740 Y8.4107
G01 X0.5707 Y8.4071
G01 X0.5675 Y8.4036
G01 X0.5644 Y8.4002
G01 X0.5614 Y8.3968
G01 X0.5585 Y8.3936
G01 X0.5557 Y8.3904
G01 X0.5530 Y8.3874
G01 X0.5505 Y8.3844
G01 X0.5480 Y8.3815
G01 X0.5457 Y8.3788
G01 X0.5435 Y8.3761
G01 X0.5415 Y8.3736
G01 X0.5395 Y8.3712
G01 X0.5377 Y8.3689
G01 X0.5360 Y8.3667
G01 X0.5345 Y8.3647
G01 X0.5331 Y8.3628
G01 X0.5319 Y8.3610
G01 X0.5308 Y8.3594
G01 X0.5299 Y8.3579
G01 X0.5292 Y8.3566
G01 X0.5286 Y8.3554
G01 X0.5281 Y8.3544
G01 X0.5279 Y8.3535
G01 X0.5278 Y8.3528
G01 X0.5279 Y8.3503
G01 X0.5284 Y8.3477
G01 X0.5291 Y8.3451
G01 X0.5300 Y8.3425
G01 X0.5312 Y8.3398
G01 X0.5327 Y8.3372
G01 X0.5344 Y8.3345
G01 X0.5364 Y8.3317
G01 X0.5385 Y8.3290
G01 X0.5409 Y8.3263
G01 X0.5435 Y8.3236
G01 X0.5462 Y8.3210
G01 X0.5492 Y8.3183
G01 X0.5523 Y8.3157
G01 X0.5556 Y8.3131
G01 X0.5590 Y8.3106
G01 X0.5626 Y8.3081
G01 X0.5663 Y8.3057
G01 X0.5702 Y8.3033
G01 X0.5742 Y8.3011
G01 X0.5782 Y8.2989
G01 X0.5824 Y8.2968
G01 X0.5867 Y8.2947
G01 X0.5911 Y8.2928
G01 X0.5955 Y8.2910
G01 X0.6000 Y8.2893
G01 X0.6045 Y8.2877
G01 X0.6091 Y8.2863
G01 X0.6138 Y8.2850
G01 X0.6184 Y8.2838
G01 X0.6231 Y8.2828
G01 X0.6278 Y8.2819
G01 X0.6337 Y8.2811
G01 X0.6391 Y8.2803
G01 X0.6440 Y8.2797
G01 X0.6485 Y8.2793
G01 X0.6526 Y8.2790
G01 X0.6563 Y8.2790
G01 X0.6596 Y8.2791
G01 X0.6626 Y8.2795
G01 X0.6653 Y8.2801
G01 X0.6677 Y8.2810
G01 X0.6699 Y8.2823
G01 X0.6718 Y8.2838
G01 X0.6735 Y8.2857
G01 X0.6750 Y8.2879
G01 X0.6763 Y8.2905
G01 X0.6776 Y8.2936
G01 X0.6787 Y8.2970
G01 X0.6797 Y8.3009
G01 X0.6807 Y8.3053
G01 X0.6817 Y8.3101
G01 X0.6827 Y8.3155
G01 X0.6837 Y8.3214
G01 X0.6847 Y8.3278
G01 X0.6851 Y8.3298
G01 X0.6855 Y8.3320
G01 X0.6860 Y8.3342
G01 X0.6865 Y8.3365
G01 X0.6871 Y8.3390
G01 X0.6877 Y8.3415
G01 X0.6884 Y8.3441
G01 X0.6892 Y8.3468
G01 X0.6900 Y8.3496
G01 X0.6909 Y8.3525
G01 X0.6918 Y8.3555
G01 X0.6927 Y8.3585
G01 X0.6938 Y8.3616
G01 X0.6948 Y8.3648
G01 X0.6959 Y8.3680
G01 X0.6971 Y8.3714
G01 X0.6983 Y8.3748
G01 X0.6995 Y8.3782
G01 X0.7008 Y8.3818
G01 X0.7021 Y8.3853
G01 X0.7035 Y8.3890
G01 X0.7049 Y8.3927
G01 X0.7063 Y8.3964
G01 X0.7078 Y8.4002
G01 X0.7093 Y8.4041
G01 X0.7109 Y8.4080
G01 X0.7125 Y8.4119
G01 X0.7141 Y8.4159
G01 X0.7158 Y8.4200
G01 X0.7174 Y8.4240
G01 X0.7192 Y8.4281
G01 X0.7209 Y8.4323
G01 X0.7227 Y8.4364
G01 X0.7245 Y8.4406
G01 X0.7263 Y8.4448
G01 X0.7281 Y8.4491
G01 X0.7300 Y8.4534
G01 X0.7319 Y8.4576
G01 X0.7338 Y8.4619
G01 X0.7357 Y8.4663
G01 X0.7377 Y8.4706
G01 X0.7397 Y8.4749
G01 X0.7416 Y8.4793
G01 X0.7436 Y8.4837
G01 X0.7457 Y8.4880
G01 X0.7477 Y8.4924
G01 X0.7497 Y8.4967
G01 X0.7518 Y8.5011
G01 X0.7539 Y8.5055
G01 X0.7559 Y8.5098
G01 X0.7580 Y8.5141
G01 X0.7601 Y8.5185
G01 X0.7622 Y8.5228
G01 X0.7643 Y8.5271
G01 X0.7664 Y8.5314
G01 X0.7685 Y8.5356
G01 X0.7707 Y8.5398
G01 X0.7728 Y8.5440
G01 X0.7749 Y8.5482
G01 X0.7770 Y8.5524
G01 X0.7791 Y8.5565
G01 X0.7812 Y8.5606
G01 X0.7833 Y8.5646
G01 X0.7854 Y8.5686
G01 X0.7875 Y8.5726
G01 X0.7896 Y8.5765
G01 X0.7917 Y8.5804
G01 X0.7938 Y8.5842
G01 X0.7958 Y8.5879
G01 X0.7979 Y8.5917
G01 X0.7999 Y8.5953
G01 X0.8019 Y8.5989
G01 X0.8039 Y8.6025
G01 X0.8059 Y8.6060
G01 X0.8079 Y8.6094
G01 X0.8098 Y8.6127
G01 X0.8118 Y8.6160
G01 X0.8137 Y8.6192
G01 X0.8156 Y8.6224
G01 X0.8175 Y8.6254
G01 X0.8193 Y8.6284
G01 X0.8211 Y8.6313
G01 X0.8229 Y8.6341
G01 X0.8247 Y8.6369
G01 X0.8264 Y8.6395
G01 X0.8282 Y8.6421
G01 X0.8299 Y8.6446
G01 X0.8315 Y8.6469
G01 X0.8331 Y8.6492
G01 X0.8347 Y8.6514
G01 X0.8357 Y8.6527
G01 X0.8366 Y8.6539
G01 X0.8375 Y8.6552
G01 X0.8385 Y8.6564
G01 X0.8395 Y8.6576
G01 X0.8405 Y8.6589
G01 X0.8415 Y8.6601
G01 X0.8425 Y8.6613
G01 X0.8435 Y8.6625
G01 X0.8445 Y8.6637
G01 X0.8456 Y8.6648
G01 X0.8467 Y8.6660
G01 X0.8478 Y8.6672
G01 X0.8489 Y8.6683
G01 X0.8500 Y8.6695
G01 X0.8511 Y8.6706
G01 X0.8523 Y8.6718
G01 X0.8535 Y8.6729
G01 X0.8547 Y8.6740
G01 X0.8559 Y8.6751
G01 X0.8571 Y8.6762
G01 X0.8584 Y8.6774
G01 X0.8597 Y8.6785
G01 X0.8610 Y8.6796
G01 X0.8623 Y8.6806
G01 X0.8637 Y8.6817
G01 X0.8651 Y8.6828
G01 X0.8665 Y8.6839
G01 X0.8679 Y8.6850
G01 X0.8694 Y8.6860
G01 X0.8709 Y8.6871
G01 X0.8724 Y8.6882
G01 X0.8739 Y8.6892
G01 X0.8755 Y8.6903
G01 X0.8771 Y8.6914
G01 X0.8787 Y8.6924
G01 X0.8804 Y8.6935
G01 X0.8821 Y8.6945
G01 X0.8838 Y8.6956
G01 X0.8856 Y8.6966
G01 X0.8874 Y8.6976
G01 X0.8892 Y8.6987
G01 X0.8911 Y8.6997
G01 X0.8930 Y8.7008
G01 X0.8949 Y8.7018
G01 X0.8969 Y8.7029
G01 X0.8989 Y8.7039
G01 X0.9009 Y8.7049
G01 X0.9030 Y8.7060
G01 X0.9051 Y8.7070
G01 X0.9073 Y8.7081
G01 X0.9095 Y8.7091
G01 X0.9117 Y8.7102
G01 X0.9140 Y8.7112
G01 X0.9163 Y8.7123
G01 X0.9187 Y8.7133
G01 X0.9211 Y8.7144
G01 X0.9236 Y8.7154
G01 X0.9261 Y8.7165
G01 X0.9286 Y8.7175
G01 X0.9312 Y8.7186
G01 X0.9338 Y8.7197
G01 X0.9365 Y8.7207
G01 X0.9392 Y8.7218
G01 X0.9420 Y8.7229
G01 X0.9448 Y8.7240
G01 X0.9477 Y8.7251
G01 X0.9506 Y8.7261
G01 X0.9536 Y8.7272
G01 X0.9566 Y8.7283
G01 X0.9597 Y8.7294
G01 X0.9628 Y8.7306
G01 X0.9660 Y8.7317
G01 X0.9693 Y8.7328
G01 X0.9725 Y8.7339
G01 X0.9759 Y8.7351
G01 X0.9793 Y8.7362
G01 X0.9827 Y8.7373
G01 X0.9862 Y8.7385
G01 X0.9898 Y8.7397
G01 X0.9934 Y8.7408
G01 X0.9971 Y8.7420
G01 X1.0009 Y8.7432
G01 X1.0047 Y8.7444
G01 X1.0085 Y8.7456
G01 X1.0124 Y8.7468
G01 X1.0164 Y8.7480
G01 X1.0205 Y8.7492
G01 X1.0246 Y8.7505
G01 X1.0287 Y8.7517
G01 X1.0330 Y8.7530
G01 X1.0373 Y8.7543
G01 X1.0416 Y8.7555
G01 X1.0460 Y8.7568
G01 X1.0505 Y8.7581
G01 X1.0551 Y8.7594
G01 X1.0597 Y8.7607
G01 X1.0644 Y8.7621
G01 X1.0692 Y8.7634
G01 X1.0740 Y8.7647
G01 X1.0789 Y8.7661
G01 X1.0839 Y8.7675
G01 X1.0889 Y8.7689
G01 X1.0940 Y8.7703
G01 X1.0992 Y8.7717
G01 X1.1045 Y8.7731
G01 X1.1098 Y8.7745
G01 X1.1152 Y8.7760
G01 X1.1207 Y8.7775
G01 X1.1262 Y8.7789
G01 X1.1318 Y8.7804
G01 X1.1376 Y8.7819
G01 X1.1433 Y8.7835
G01 X1.1492 Y8.7850
G01 X1.1551 Y8.7865
G01 X1.1611 Y8.7881
G01 X1.1672 Y8.7897
G01 X1.1734 Y8.7913
G01 X1.1797 Y8.7929
G01 X1.1860 Y8.7945
G01 X1.1924 Y8.7962
G01 X1.1989 Y8.7978
G01 X1.2055 Y8.7995
G01 X1.2122 Y8.8012
G01 X1.2189 Y8.8029
G01 X1.2257 Y8.8046
G01 X1.2327 Y8.8064
G01 X1.2397 Y8.8081
G01 X1.2468 Y8.8099
G01 X1.2539 Y8.8117
G01 X1.2612 Y8.8135
G01 X1.2685 Y8.8154
G01 X1.2760 Y8.8172
G01 X1.2835 Y8.8191
G01 X1.2911 Y8.8210
G01 X1.2989 Y8.8229
G01 X1.3067 Y8.8248
G01 X1.3146 Y8.8268
G01 X1.3225 Y8.8287
G01 X1.3306 Y8.8307
G01 X1.3388 Y8.8327
G01 X1.3471 Y8.8348
G01 X1.3554 Y8.8368
G01 X1.3639 Y8.8389
G01 X1.3700 Y8.8404
G01 X1.3761 Y8.8419
G01 X1.3822 Y8.8434
G01 X1.3883 Y8.8449
G01 X1.3942 Y8.8464
G01 X1.4002 Y8.8479
G01 X1.4061 Y8.8494
G01 X1.4120 Y8.8509
G01 X1.4179 Y8.8524
G01 X1.4237 Y8.8538
G01 X1.4295 Y8.8553
G01 X1.4352 Y8.8567
G01 X1.4409 Y8.8582
G01 X1.4466 Y8.8596
G01 X1.4522 Y8.8611
G01 X1.4578 Y8.8625
G01 X1.4634 Y8.8639
G01 X1.4689 Y8.8654
G01 X1.4744 Y8.8668
G01 X1.4798 Y8.8682
G01 X1.4853 Y8.8696
G01 X1.4906 Y8.8710
G01 X1.4960 Y8.8724
G01 X1.5013 Y8.8738
G01 X1.5066 Y8.8752
G01 X1.5119 Y8.8766
G01 X1.5171 Y8.8779
G01 X1.5223 Y8.8793
G01 X1.5274 Y8.8807
G01 X1.5325 Y8.8821
G01 X1.5376 Y8.8834
G01 X1.5427 Y8.8848
G01 X1.5477 Y8.8861
G01 X1.5527 Y8.8875
G01 X1.5576 Y8.8888
G01 X1.5626 Y8.8901
G01 X1.5674 Y8.8915
G01 X1.5723 Y8.8928
G01 X1.5771 Y8.8941
G01 X1.5819 Y8.8955
G01 X1.5867 Y8.8968
G01 X1.5914 Y8.8981
G01 X1.5961 Y8.8994
G01 X1.6008 Y8.9007
G01 X1.6055 Y8.9020
G01 X1.6101 Y8.9033
G01 X1.6147 Y8.9046
G01 X1.6192 Y8.9059
G01 X1.6237 Y8.9072
G01 X1.6282 Y8.9085
G01 X1.6327 Y8.9098
G01 X1.6371 Y8.9111
G01 X1.6415 Y8.9123
G01 X1.6459 Y8.9136
G01 X1.6503 Y8.9149
G01 X1.6546 Y8.9161
G01 X1.6589 Y8.9174
G01 X1.6631 Y8.9187
G01 X1.6674 Y8.9199
G01 X1.6716 Y8.9212
G01 X1.6758 Y8.9224
G01 X1.6799 Y8.9237
G01 X1.6840 Y8.9249
G01 X1.6881 Y8.9262
G01 X1.6922 Y8.9274
G01 X1.6963 Y8.9287
G01 X1.7003 Y8.9299
G01 X1.7043 Y8.9311
G01 X1.7082 Y8.9324
G01 X1.7122 Y8.9336
G01 X1.7161 Y8.9348
G01 X1.7200 Y8.9361
G01 X1.7238 Y8.9373
G01 X1.7277 Y8.9385
G01 X1.7315 Y8.9397
G01 X1.7353 Y8.9409
G01 X1.7390 Y8.9422
G01 X1.7428 Y8.9434
G01 X1.7465 Y8.9446
G01 X1.7502 Y8.9458
G01 X1.7538 Y8.9470
G01 X1.7575 Y8.9482
G01 X1.7611 Y8.9494
G01 X1.7647 Y8.9506
G01 X1.7683 Y8.9519
G01 X1.7718 Y8.9531
G01 X1.7753 Y8.9543
G01 X1.7788 Y8.9555
G01 X1.7823 Y8.9567
G01 X1.7858 Y8.9579
G01 X1.7892 Y8.9591
G01 X1.7926 Y8.9603
G01 X1.7960 Y8.9615
G01 X1.7994 Y8.9627
G01 X1.8027 Y8.9639
G01 X1.8060 Y8.9650
G01 X1.8093 Y8.9662
G01 X1.8126 Y8.9674
G01 X1.8159 Y8.9686
G01 X1.8191 Y8.9698
G01 X1.8223 Y8.9710
G01 X1.8255 Y8.9722
G01 X1.8287 Y8.9734
G01 X1.8319 Y8.9746
G01 X1.8350 Y8.9758
G01 X1.8381 Y8.9770
G01 X1.8412 Y8.9782
G01 X1.8443 Y8.9794
G01 X1.8473 Y8.9806
G01 X1.8504 Y8.9818
G01 X1.8534 Y8.9829
G01 X1.8564 Y8.9841
G01 X1.8594 Y8.9853
G01 X1.8623 Y8.9865
G01 X1.8653 Y8.9877
G01 X1.8682 Y8.9889
G01 X1.8711 Y8.9901
G01 X1.8740 Y8.9913
G01 X1.8769 Y8.9925
G01 X1.8798 Y8.9937
G01 X1.8826 Y8.9949
G01 X1.8854 Y8.9961
G01 X1.8882 Y8.9973
G01 X1.8910 Y8.9985
G01 X1.8938 Y8.9997
G01 X1.8965 Y9.0009
G01 X1.8993 Y9.0021
G01 X1.9020 Y9.0033
G01 X1.9047 Y9.0045
G01 X1.9074 Y9.0057
G01 X1.9101 Y9.0069
G01 X1.9128 Y9.0082
G01 X1.9154 Y9.0094
G01 X1.9180 Y9.0106
G01 X1.9207 Y9.0118
G01 X1.9233 Y9.0130
G01 X1.9259 Y9.0142
G01 X1.9284 Y9.0155
G01 X1.9310 Y9.0167
G01 X1.9335 Y9.0179
G01 X1.9361 Y9.0191
G01 X1.9386 Y9.0204
G01 X1.9411 Y9.0216
G01 X1.9436 Y9.0228
G01 X1.9461 Y9.0241
G01 X1.9485 Y9.0253
G01 X1.9510 Y9.0266
G01 X1.9534 Y9.0278
G01 X1.9559 Y9.0290
G01 X1.9583 Y9.0303
G01 X1.9607 Y9.0315
G01 X1.9631 Y9.0328
G01 X1.9655 Y9.0340
G01 X1.9678 Y9.0353
G01 X1.9702 Y9.0366
G01 X1.9725 Y9.0378
G01 X1.9749 Y9.0391
G01 X1.9772 Y9.0404
G01 X1.9795 Y9.0416
G01 X1.9818 Y9.0429
G01 X1.9841 Y9.0442
G01 X1.9864 Y9.0455
G01 X1.9887 Y9.0468
G01 X1.9909 Y9.0481
G01 X1.9932 Y9.0494
G01 X1.9954 Y9.0507
G01 X1.9977 Y9.0520
G01 X1.9999 Y9.0533
G01 X2.0021 Y9.0546
G01 X2.0043 Y9.0559
G01 X2.0065 Y9.0572
G01 X2.0087 Y9.0585
G01 X2.0109 Y9.0598
G01 X2.0131 Y9.0612
G01 X2.0153 Y9.0625
G01 X2.0195 Y9.0651
G01 X2.0237 Y9.0678
G01 X2.0278 Y9.0704
G01 X2.0320 Y9.0730
G01 X2.0361 Y9.0757
G01 X2.0402 Y9.0783
G01 X2.0442 Y9.0810
G01 X2.0482 Y9.0836
G01 X2.0522 Y9.0862
G01 X2.0562 Y9.0889
G01 X2.0601 Y9.0915
G01 X2.0640 Y9.0941
G01 X2.0679 Y9.0968
G01 X2.0718 Y9.0994
G01 X2.0756 Y9.1020
G01 X2.0794 Y9.1047
G01 X2.0831 Y9.1073
G01 X2.0869 Y9.1100
G01 X2.0906 Y9.1126
G01 X2.0943 Y9.1153
G01 X2.0979 Y9.1179
G01 X2.1016 Y9.1205
G01 X2.1052 Y9.1232
G01 X2.1087 Y9.1258
G01 X2.1123 Y9.1285
G01 X2.1158 Y9.1312
G01 X2.1193 Y9.1338
G01 X2.1228 Y9.1365
G01 X2.1262 Y9.1391
G01 X2.1296 Y9.1418
G01 X2.1330 Y9.1445
G01 X2.1364 Y9.1471
G01 X2.1397 Y9.1498
G01 X2.1430 Y9.1525
G01 X2.1463 Y9.1552
G01 X2.1495 Y9.1578
G01 X2.1528 Y9.1605
G01 X2.1560 Y9.1632
G01 X2.1592 Y9.1659
G01 X2.1623 Y9.1686
G01 X2.1654 Y9.1713
G01 X2.1685 Y9.1740
G01 X2.1716 Y9.1767
G01 X2.1746 Y9.1794
G01 X2.1777 Y9.1821
G01 X2.1806 Y9.1848
G01 X2.1836 Y9.1876
G01 X2.1866 Y9.1903
G01 X2.1895 Y9.1930
G01 X2.1924 Y9.1958
G01 X2.1952 Y9.1985
G01 X2.1981 Y9.2012
G01 X2.2009 Y9.2040
G01 X2.2037 Y9.2068
G01 X2.2064 Y9.2095
G01 X2.2092 Y9.2123
G01 X2.2119 Y9.2151
G01 X2.2146 Y9.2178
G01 X2.2172 Y9.2206
G01 X2.2199 Y9.2234
G01 X2.2225 Y9.2262
G01 X2.2251 Y9.2290
G01 X2.2277 Y9.2318
G01 X2.2302 Y9.2346
G01 X2.2327 Y9.2374
G01 X2.2352 Y9.2403
G01 X2.2377 Y9.2431
G01 X2.2401 Y9.2459
G01 X2.2425 Y9.2488
G01 X2.2449 Y9.2516
G01 X2.2473 Y9.2545
G01 X2.2496 Y9.2573
G01 X2.2520 Y9.2602
G01 X2.2543 Y9.2631
G01 X2.2565 Y9.2660
G01 X2.2588 Y9.2689
G01 X2.2610 Y9.2718
G01 X2.2632 Y9.2747
G01 X2.2654 Y9.2776
G01 X2.2676 Y9.2805
G01 X2.2697 Y9.2835
G01 X2.2718 Y9.2864
G01 X2.2739 Y9.2894
G01 X2.2759 Y9.2923
G01 X2.2780 Y9.2953
G01 X2.2800 Y9.2983
G01 X2.2820 Y9.3013
G01 X2.2840 Y9.3042
G01 X2.2859 Y9.3072
G01 X2.2878 Y9.3103
G01 X2.2897 Y9.3133
G01 X2.2916 Y9.3163
G01 X2.2935 Y9.3193
G01 X2.2953 Y9.3224
G01 X2.2971 Y9.3255
G01 X2.2989 Y9.3285
G01 X2.3007 Y9.3316
G01 X2.3024 Y9.3347
G01 X2.3041 Y9.3378
G01 X2.3058 Y9.3409
G01 X2.3075 Y9.3440
G01 X2.3092 Y9.3471
G01 X2.3108 Y9.3503
G01 X2.3124 Y9.3534
G01 X2.3140 Y9.3566
G01 X2.3156 Y9.3598
G01 X2.3171 Y9.3629
G01 X2.3187 Y9.3661
G01 X2.3202 Y9.3693
G01 X2.3216 Y9.3725
G01 X2.3231 Y9.3758
G01 X2.3245 Y9.3790
G01 X2.3260 Y9.3823
G01 X2.3274 Y9.3855
G01 X2.3287 Y9.3888
G01 X2.3301 Y9.3921
G01 X2.3314 Y9.3954
G01 X2.3327 Y9.3987
G01 X2.3340 Y9.4020
G01 X2.3353 Y9.4053
G01 X2.3365 Y9.4087
G01 X2.3378 Y9.4120
G01 X2.3390 Y9.4154
G01 X2.3402 Y9.4188
G01 X2.3413 Y9.4222
G01 X2.3425 Y9.4256
G01 X2.3436 Y9.4290
G01 X2.3447 Y9.4324
G01 X2.3458 Y9.4359
G01 X2.3469 Y9.4393
G01 X2.3479 Y9.4428
G01 X2.3489 Y9.4463
G01 X2.3499 Y9.4498
G01 X2.3509 Y9.4533
G01 X2.3519 Y9.4568
G01 X2.3528 Y9.4604
G01 X2.3538 Y9.4639
G01 X2.3547 Y9.4675
G01 X2.3556 Y9.4711
G01 X2.3564 Y9.4747
G01 X2.3573 Y9.4783
G01 X2.3581 Y9.4819
G01 X2.3589 Y9.4856
G01 X2.3597 Y9.4893
G01 X2.3605 Y9.4929
G01 X2.3612 Y9.4966
G01 X2.3620 Y9.5003
G01 X2.3627 Y9.5040
G01 X2.3634 Y9.5078
G01 X2.3640 Y9.5115
G01 X2.3647 Y9.5153
G01 X2.3653 Y9.5191
G01 X2.3659 Y9.5229
G01 X2.3666 Y9.5267
G01 X2.3671 Y9.5305
G01 X2.3677 Y9.5344
G01 X2.3682 Y9.5382
G01 X2.3688 Y9.5421
G01 X2.3693 Y9.5460
G01 X2.3698 Y9.5499
G01 X2.3702 Y9.5538
G01 X2.3707 Y9.5578
G01 X2.3711 Y9.5618
G01 X2.3716 Y9.5657
G01 X2.3720 Y9.5697
G01 X2.3723 Y9.5737
G01 X2.3727 Y9.5778
G01 X2.3730 Y9.5818
G01 X2.3734 Y9.5859
G01 X2.3737 Y9.5900
G01 X2.3740 Y9.5941
G01 X2.3743 Y9.5982
G01 X2.3745 Y9.6023
G01 X2.3748 Y9.6065
G01 X2.3750 Y9.6107
G01 X2.3752 Y9.6149
G01 X2.3754 Y9.6191
G01 X2.3756 Y9.6233
G01 X2.3757 Y9.6276
G01 X2.3759 Y9.6318
G01 X2.3760 Y9.6361
G01 X2.3761 Y9.6404
G01 X2.3762 Y9.6447
G01 X2.3763 Y9.6491
G01 X2.3763 Y9.6535
G01 X2.3764 Y9.6578
G01 X2.3764 Y9.6622
G01 X2.3764 Y9.6667
G01 X2.3764 Y9.6709
G01 X2.3764 Y9.6751
G01 X2.3763 Y9.6794
G01 X2.3763 Y9.6837
G01 X2.3762 Y9.6880
G01 X2.3761 Y9.6924
G01 X2.3760 Y9.6968
G01 X2.3759 Y9.7012
G01 X2.3758 Y9.7057
G01 X2.3757 Y9.7101
G01 X2.3755 Y9.7146
G01 X2.3753 Y9.7191
G01 X2.3752 Y9.7236
G01 X2.3750 Y9.7281
G01 X2.3748 Y9.7326
G01 X2.3746 Y9.7371
G01 X2.3744 Y9.7417
G01 X2.3741 Y9.7462
G01 X2.3739 Y9.7507
G01 X2.3736 Y9.7551
G01 X2.3734 Y9.7596
G01 X2.3731 Y9.7641
G01 X2.3728 Y9.7685
G01 X2.3725 Y9.7729
G01 X2.3722 Y9.7773
G01 X2.3719 Y9.7816
G01 X2.3715 Y9.7859
G01 X2.3712 Y9.7902
G01 X2.3709 Y9.7944
G01 X2.3705 Y9.7986
G01 X2.3702 Y9.8027
G01 X2.3698 Y9.8068
G01 X2.3694 Y9.8109
G01 X2.3690 Y9.8149
G01 X2.3686 Y9.8188
G01 X2.3682 Y9.8227
G01 X2.3678 Y9.8265
G01 X2.3674 Y9.8302
G01 X2.3670 Y9.8339
G01 X2.3666 Y9.8374
G01 X2.3662 Y9.8410
G01 X2.3657 Y9.8444
G01 X2.3653 Y9.8477
G01 X2.3648 Y9.8510
G01 X2.3644 Y9.8542
G01 X2.3639 Y9.8572
G01 X2.3635 Y9.8602
G01 X2.3630 Y9.8631
G01 X2.3625 Y9.8659
G01 X2.3621 Y9.8686
G01 X2.3616 Y9.8712
G01 X2.3611 Y9.8736
G01 X2.3605 Y9.8769
G01 X2.3599 Y9.8802
G01 X2.3594 Y9.8836
G01 X2.3588 Y9.8870
G01 X2.3583 Y9.8904
G01 X2.3578 Y9.8939
G01 X2.3572 Y9.8973
G01 X2.3567 Y9.9009
G01 X2.3563 Y9.9044
G01 X2.3558 Y9.9080
G01 X2.3553 Y9.9116
G01 X2.3549 Y9.9153
G01 X2.3544 Y9.9190
G01 X2.3540 Y9.9227
G01 X2.3536 Y9.9264
G01 X2.3532 Y9.9302
G01 X2.3528 Y9.9339
G01 X2.3525 Y9.9378
G01 X2.3521 Y9.9416
G01 X2.3518 Y9.9455
G01 X2.3515 Y9.9493
G01 X2.3511 Y9.9532
G01 X2.3508 Y9.9572
G01 X2.3506 Y9.9611
G01 X2.3503 Y9.9651
G01 X2.3500 Y9.9691
G01 X2.3498 Y9.9731
G01 X2.3495 Y9.9771
G01 X2.3493 Y9.9812
G01 X2.3491 Y9.9853
G01 X2.3489 Y9.9893
G01 X2.3487 Y9.9934
G01 X2.3485 Y9.9975
G01 X2.3484 Y10.0017
G01 X2.3482 Y10.0058
G01 X2.3481 Y10.0100
G01 X2.3480 Y10.0141
G01 X2.3479 Y10.0183
G01 X2.3478 Y10.0225
G01 X2.3477 Y10.0267
G01 X2.3476 Y10.0309
G01 X2.3476 Y10.0352
G01 X2.3475 Y10.0394
G01 X2.3475 Y10.0436
G01 X2.3475 Y10.0479
G01 X2.3475 Y10.0521
G01 X2.3475 Y10.0564
G01 X2.3475 Y10.0606
G01 X2.3476 Y10.0649
G01 X2.3476 Y10.0692
G01 X2.3477 Y10.0735
G01 X2.3477 Y10.0777
G01 X2.3478 Y10.0820
G01 X2.3479 Y10.0863
G01 X2.3480 Y10.0906
G01 X2.3482 Y10.0948
G01 X2.3483 Y10.0991
G01 X2.3484 Y10.1034
G01 X2.3486 Y10.1077
G01 X2.3488 Y10.1119
G01 X2.3490 Y10.1162
G01 X2.3491 Y10.1205
G01 X2.3494 Y10.1247
G01 X2.3496 Y10.1290
G01 X2.3498 Y10.1332
G01 X2.3501 Y10.1375
G01 X2.3503 Y10.1417
G01 X2.3506 Y10.1459
G01 X2.3509 Y10.1501
G01 X2.3512 Y10.1543
G01 X2.3515 Y10.1585
G01 X2.3518 Y10.1627
G01 X2.3521 Y10.1669
G01 X2.3525 Y10.1710
G01 X2.3528 Y10.1752
G01 X2.3532 Y10.1793
G01 X2.3536 Y10.1834
G01 X2.3540 Y10.1875
G01 X2.3544 Y10.1916
G01 X2.3548 Y10.1957
G01 X2.3552 Y10.1997
G01 X2.3557 Y10.2038
G01 X2.3561 Y10.2078
G01 X2.3566 Y10.2118
G01 X2.3571 Y10.2157
G01 X2.3575 Y10.2197
G01 X2.3580 Y10.2236
G01 X2.3586 Y10.2275
G01 X2.3591 Y10.2314
G01 X2.3596 Y10.2353
G01 X2.3602 Y10.2391
G01 X2.3607 Y10.2429
G01 X2.3613 Y10.2467
G01 X2.3619 Y10.2505
G01 X2.3625 Y10.2542
G01 X2.3631 Y10.2579
G01 X2.3637 Y10.2616
G01 X2.3643 Y10.2652
G01 X2.3650 Y10.2689
G01 X2.3656 Y10.2724
G01 X2.3663 Y10.2760
G01 X2.3670 Y10.2795
G01 X2.3677 Y10.2830
G01 X2.3684 Y10.2865
G01 X2.3691 Y10.2899
G01 X2.3698 Y10.2933
G01 X2.3706 Y10.2967
G01 X2.3713 Y10.3000
G01 X2.3721 Y10.3033
G01 X2.3728 Y10.3065
G01 X2.3736 Y10.3097
G01 X2.3750 Y10.3149
G01 X2.3763 Y10.3200
G01 X2.3777 Y10.3250
G01 X2.3790 Y10.3299
G01 X2.3803 Y10.3347
G01 X2.3817 Y10.3394
G01 X2.3830 Y10.3441
G01 X2.3843 Y10.3487
G01 X2.3856 Y10.3532
G01 X2.3869 Y10.3576
G01 X2.3882 Y10.3620
G01 X2.3895 Y10.3663
G01 X2.3908 Y10.3705
G01 X2.3921 Y10.3747
G01 X2.3934 Y10.3787
G01 X2.3947 Y10.3828
G01 X2.3960 Y10.3867
G01 X2.3973 Y10.3906
G01 X2.3986 Y10.3945
G01 X2.3999 Y10.3983
G01 X2.4012 Y10.4020
G01 X2.4026 Y10.4057
G01 X2.4039 Y10.4093
G01 X2.4052 Y10.4129
G01 X2.4066 Y10.4164
G01 X2.4080 Y10.4199
G01 X2.4093 Y10.4233
G01 X2.4107 Y10.4267
G01 X2.4121 Y10.4301
G01 X2.4136 Y10.4334
G01 X2.4150 Y10.4367
G01 X2.4164 Y10.4399
G01 X2.4179 Y10.4431
G01 X2.4194 Y10.4463
G01 X2.4209 Y10.4494
G01 X2.4224 Y10.4525
G01 X2.4240 Y10.4556
G01 X2.4255 Y10.4587
G01 X2.4271 Y10.4617
G01 X2.4287 Y10.4647
G01 X2.4304 Y10.4677
G01 X2.4320 Y10.4707
G01 X2.4337 Y10.4736
G01 X2.4354 Y10.4766
G01 X2.4372 Y10.4795
G01 X2.4389 Y10.4824
G01 X2.4407 Y10.4853
G01 X2.4425 Y10.4882
G01 X2.4444 Y10.4910
G01 X2.4463 Y10.4939
G01 X2.4482 Y10.4968
G01 X2.4502 Y10.4997
G01 X2.4522 Y10.5025
G01 X2.4542 Y10.5054
G01 X2.4563 Y10.5083
G01 X2.4584 Y10.5111
G01 X2.4605 Y10.5140
G01 X2.4627 Y10.5169
G01 X2.4649 Y10.5198
G01 X2.4672 Y10.5227
G01 X2.4695 Y10.5256
G01 X2.4718 Y10.5286
G01 X2.4742 Y10.5315
G01 X2.4767 Y10.5345
G01 X2.4792 Y10.5375
G01 X2.4817 Y10.5405
G01 X2.4843 Y10.5436
G01 X2.4869 Y10.5466
G01 X2.4896 Y10.5497
G01 X2.4923 Y10.5528
G01 X2.4951 Y10.5560
G01 X2.4979 Y10.5591
G01 X2.5008 Y10.5624
G01 X2.5037 Y10.5656
G01 X2.5067 Y10.5689
G01 X2.5097 Y10.5722
G01 X2.5146 Y10.5773
G01 X2.5193 Y10.5824
G01 X2.5239 Y10.5873
G01 X2.5282 Y10.5921
G01 X2.5324 Y10.5967
G01 X2.5363 Y10.6012
G01 X2.5400 Y10.6055
G01 X2.5435 Y10.6096
G01 X2.5467 Y10.6135
G01 X2.5497 Y10.6172
G01 X2.5523 Y10.6206
G01 X2.5547 Y10.6238
G01 X2.5568 Y10.6266
G01 X2.5586 Y10.6292
G01 X2.5600 Y10.6315
G01 X2.5611 Y10.6334
G01 X2.5619 Y10.6350
G01 X2.5623 Y10.6362
G01 X2.5623 Y10.6371
G01 X2.5619 Y10.6375
G01 X2.5611 Y10.6375
G01 X2.5602 Y10.6374
G01 X2.5591 Y10.6373
G01 X2.5577 Y10.6370
G01 X2.5560 Y10.6366
G01 X2.5540 Y10.6361
G01 X2.5518 Y10.6355
G01 X2.5493 Y10.6348
G01 X2.5466 Y10.6340
G01 X2.5437 Y10.6331
G01 X2.5405 Y10.6322
G01 X2.5372 Y10.6311
G01 X2.5336 Y10.6300
G01 X2.5299 Y10.6288
G01 X2.5260 Y10.6276
G01 X2.5219 Y10.6262
G01 X2.5176 Y10.6248
G01 X2.5132 Y10.6234
G01 X2.5087 Y10.6219
G01 X2.5040 Y10.6203
G01 X2.4991 Y10.6187
G01 X2.4942 Y10.6171
G01 X2.4891 Y10.6154
G01 X2.4840 Y10.6137
G01 X2.4787 Y10.6119
G01 X2.4734 Y10.6101
G01 X2.4680 Y10.6083
G01 X2.4625 Y10.6065
G01 X2.4570 Y10.6046
G01 X2.4514 Y10.6028
G00 X2.4222 Y10.5528
G01 X2.4199 Y10.5482
G01 X2.4190 Y10.5452
G01 X2.4194 Y10.5437
G01 X2.4212 Y10.5439
G01 X2.4243 Y10.5456
G01 X2.4289 Y10.5491
G01 X2.4347 Y10.5542
G01 X2.4385 Y10.5571
G01 X2.4420 Y10.5597
G01 X2.4451 Y10.5618
G01 X2.4478 Y10.5635
G01 X2.4502 Y10.5648
G01 X2.4523 Y10.5657
G01 X2.4539 Y10.5661
G01 X2.4552 Y10.5662
G01 X2.4562 Y10.5658
G01 X2.4568 Y10.5650
G01 X2.4571 Y10.5638
G01 X2.4570 Y10.5621
G01 X2.4565 Y10.5600
G01 X2.4557 Y10.5575
G01 X2.4545 Y10.5546
G01 X2.4530 Y10.5512
G01 X2.4511 Y10.5474
G01 X2.4489 Y10.5432
G01 X2.4464 Y10.5385
G01 X2.4434 Y10.5334
G01 X2.4402 Y10.5279
G01 X2.4365 Y10.5219
G01 X2.4326 Y10.5155
G01 X2.4283 Y10.5087
G01 X2.4236 Y10.5014
G01 X2.4219 Y10.4986
G01 X2.4202 Y10.4958
G01 X2.4185 Y10.4930
G01 X2.4168 Y10.4901
G01 X2.4151 Y10.4872
G01 X2.4135 Y10.4843
G01 X2.4118 Y10.4814
G01 X2.4102 Y10.4784
G01 X2.4086 Y10.4755
G01 X2.4070 Y10.4725
G01 X2.4054 Y10.4695
G01 X2.4038 Y10.4664
G01 X2.4023 Y10.4634
G01 X2.4007 Y10.4603
G01 X2.3992 Y10.4572
G01 X2.3977 Y10.4541
G01 X2.3962 Y10.4510
G01 X2.3947 Y10.4478
G01 X2.3932 Y10.4446
G01 X2.3918 Y10.4414
G01 X2.3903 Y10.4382
G01 X2.3889 Y10.4350
G01 X2.3875 Y10.4317
G01 X2.3861 Y10.4285
G01 X2.3847 Y10.4252
G01 X2.3833 Y10.4219
G01 X2.3820 Y10.4185
G01 X2.3806 Y10.4152
G01 X2.3793 Y10.4118
G01 X2.3780 Y10.4084
G01 X2.3767 Y10.4050
G01 X2.3754 Y10.4016
G01 X2.3741 Y10.3982
G01 X2.3728 Y10.3947
G01 X2.3716 Y10.3913
G01 X2.3704 Y10.3878
G01 X2.3692 Y10.3843
G01 X2.3680 Y10.3808
G01 X2.3668 Y10.3772
G01 X2.3656 Y10.3737
G01 X2.3645 Y10.3701
G01 X2.3633 Y10.3665
G01 X2.3622 Y10.3629
G01 X2.3611 Y10.3593
G01 X2.3600 Y10.3557
G01 X2.3589 Y10.3520
G01 X2.3578 Y10.3484
G01 X2.3568 Y10.3447
G01 X2.3558 Y10.3410
G01 X2.3547 Y10.3373
G01 X2.3537 Y10.3336
G01 X2.3527 Y10.3298
G01 X2.3518 Y10.3261
G01 X2.3508 Y10.3223
G01 X2.3499 Y10.3186
G01 X2.3489 Y10.3148
G01 X2.3480 Y10.3110
G01 X2.3471 Y10.3072
G01 X2.3463 Y10.3033
G01 X2.3454 Y10.2995
G01 X2.3445 Y10.2956
G01 X2.3437 Y10.2918
G01 X2.3429 Y10.2879
G01 X2.3421 Y10.2840
G01 X2.3413 Y10.2801
G01 X2.3405 Y10.2762
G01 X2.3398 Y10.2723
G01 X2.3390 Y10.2684
G01 X2.3383 Y10.2644
G01 X2.3376 Y10.2605
G01 X2.3369 Y10.2565
G01 X2.3362 Y10.2525
G01 X2.3356 Y10.2485
G01 X2.3349 Y10.2445
G01 X2.3343 Y10.2405
G01 X2.3337 Y10.2365
G01 X2.3331 Y10.2325
G01 X2.3325 Y10.2284
G01 X2.3319 Y10.2244
G01 X2.3314 Y10.2203
G01 X2.3309 Y10.2163
G01 X2.3303 Y10.2122
G01 X2.3298 Y10.2081
G01 X2.3294 Y10.2040
G01 X2.3289 Y10.1999
G01 X2.3284 Y10.1958
G01 X2.3280 Y10.1917
G01 X2.3276 Y10.1876
G01 X2.3272 Y10.1835
G01 X2.3268 Y10.1794
G01 X2.3264 Y10.1752
G01 X2.3261 Y10.1711
G01 X2.3258 Y10.1669
G01 X2.3254 Y10.1627
G01 X2.3251 Y10.1586
G01 X2.3248 Y10.1544
G01 X2.3246 Y10.1502
G01 X2.3243 Y10.1460
G01 X2.3241 Y10.1418
G01 X2.3239 Y10.1377
G01 X2.3237 Y10.1334
G01 X2.3235 Y10.1292
G01 X2.3233 Y10.1250
G01 X2.3232 Y10.1208
G01 X2.3230 Y10.1166
G01 X2.3229 Y10.1124
G01 X2.3228 Y10.1081
G01 X2.3228 Y10.1039
G01 X2.3227 Y10.0997
G01 X2.3226 Y10.0954
G01 X2.3226 Y10.0912
G01 X2.3226 Y10.0869
G01 X2.3226 Y10.0827
G01 X2.3226 Y10.0784
G01 X2.3227 Y10.0742
G01 X2.3227 Y10.0699
G01 X2.3228 Y10.0656
G01 X2.3229 Y10.0614
G01 X2.3230 Y10.0571
G01 X2.3231 Y10.0528
G01 X2.3233 Y10.0486
G01 X2.3234 Y10.0443
G01 X2.3236 Y10.0400
G01 X2.3238 Y10.0357
G01 X2.3240 Y10.0315
G01 X2.3243 Y10.0272
G01 X2.3245 Y10.0229
G01 X2.3248 Y10.0186
G01 X2.3251 Y10.0144
G01 X2.3254 Y10.0101
G01 X2.3257 Y10.0058
G01 X2.3260 Y10.0015
G01 X2.3264 Y9.9972
G01 X2.3268 Y9.9930
G01 X2.3272 Y9.9887
G01 X2.3276 Y9.9844
G01 X2.3280 Y9.9801
G01 X2.3285 Y9.9759
G01 X2.3289 Y9.9716
G01 X2.3294 Y9.9673
G01 X2.3299 Y9.9631
G01 X2.3304 Y9.9588
G01 X2.3310 Y9.9545
G01 X2.3315 Y9.9503
G01 X2.3321 Y9.9460
G01 X2.3327 Y9.9418
G01 X2.3333 Y9.9375
G01 X2.3341 Y9.9319
G01 X2.3349 Y9.9262
G01 X2.3357 Y9.9207
G01 X2.3364 Y9.9151
G01 X2.3372 Y9.9096
G01 X2.3379 Y9.9041
G01 X2.3386 Y9.8986
G01 X2.3393 Y9.8931
G01 X2.3400 Y9.8877
G01 X2.3407 Y9.8823
G01 X2.3414 Y9.8770
G01 X2.3420 Y9.8716
G01 X2.3426 Y9.8663
G01 X2.3433 Y9.8610
G01 X2.3439 Y9.8558
G01 X2.3445 Y9.8505
G01 X2.3450 Y9.8453
G01 X2.3456 Y9.8401
G01 X2.3461 Y9.8350
G01 X2.3467 Y9.8298
G01 X2.3472 Y9.8247
G01 X2.3477 Y9.8196
G01 X2.3482 Y9.8146
G01 X2.3487 Y9.8096
G01 X2.3491 Y9.8046
G01 X2.3496 Y9.7996
G01 X2.3500 Y9.7946
G01 X2.3504 Y9.7897
G01 X2.3508 Y9.7848
G01 X2.3512 Y9.7799
G01 X2.3516 Y9.7750
G01 X2.3519 Y9.7702
G01 X2.3523 Y9.7654
G01 X2.3526 Y9.7606
G01 X2.3529 Y9.7558
G01 X2.3532 Y9.7511
G01 X2.3535 Y9.7464
G01 X2.3538 Y9.7417
G01 X2.3540 Y9.7370
G01 X2.3543 Y9.7324
G01 X2.3545 Y9.7278
G01 X2.3547 Y9.7232
G01 X2.3549 Y9.7186
G01 X2.3551 Y9.7140
G01 X2.3552 Y9.7095
G01 X2.3554 Y9.7050
G01 X2.3555 Y9.7005
G01 X2.3556 Y9.6961
G01 X2.3557 Y9.6916
G01 X2.3558 Y9.6872
G01 X2.3559 Y9.6828
G01 X2.3559 Y9.6784
G01 X2.3560 Y9.6741
G01 X2.3560 Y9.6697
G01 X2.3560 Y9.6654
G01 X2.3560 Y9.6611
G01 X2.3560 Y9.6569
G01 X2.3559 Y9.6526
G01 X2.3559 Y9.6484
G01 X2.3558 Y9.6442
G01 X2.3557 Y9.6400
G01 X2.3556 Y9.6358
G01 X2.3555 Y9.6317
G01 X2.3553 Y9.6276
G01 X2.3552 Y9.6235
G01 X2.3550 Y9.6194
G01 X2.3548 Y9.6153
G01 X2.3546 Y9.6113
G01 X2.3544 Y9.6073
G01 X2.3542 Y9.6033
G01 X2.3539 Y9.5993
G01 X2.3537 Y9.5953
G01 X2.3534 Y9.5914
G01 X2.3531 Y9.5874
G01 X2.3528 Y9.5835
G01 X2.3524 Y9.5796
G01 X2.3521 Y9.5758
G01 X2.3517 Y9.5719
G01 X2.3513 Y9.5681
G01 X2.3509 Y9.5643
G01 X2.3505 Y9.5605
G01 X2.3501 Y9.5567
G01 X2.3496 Y9.5529
G01 X2.3491 Y9.5492
G01 X2.3487 Y9.5455
G01 X2.3481 Y9.5418
G01 X2.3476 Y9.5381
G01 X2.3471 Y9.5344
G01 X2.3465 Y9.5308
G01 X2.3460 Y9.5271
G01 X2.3454 Y9.5235
G01 X2.3448 Y9.5199
G01 X2.3441 Y9.5163
G01 X2.3435 Y9.5128
G01 X2.3428 Y9.5092
G01 X2.3422 Y9.5057
G01 X2.3415 Y9.5022
G01 X2.3408 Y9.4987
G01 X2.3400 Y9.4952
G01 X2.3393 Y9.4917
G01 X2.3385 Y9.4882
G01 X2.3377 Y9.4848
G01 X2.3369 Y9.4814
G01 X2.3361 Y9.4780
G01 X2.3353 Y9.4746
G01 X2.3344 Y9.4712
G01 X2.3336 Y9.4678
G01 X2.3327 Y9.4645
G01 X2.3318 Y9.4612
G01 X2.3308 Y9.4578
G01 X2.3299 Y9.4545
G01 X2.3289 Y9.4513
G01 X2.3280 Y9.4480
G01 X2.3270 Y9.4447
G01 X2.3259 Y9.4415
G01 X2.3249 Y9.4383
G01 X2.3239 Y9.4350
G01 X2.3228 Y9.4318
G01 X2.3217 Y9.4286
G01 X2.3206 Y9.4255
G01 X2.3195 Y9.4223
G01 X2.3183 Y9.4192
G01 X2.3172 Y9.4160
G01 X2.3160 Y9.4129
G01 X2.3148 Y9.4098
G01 X2.3136 Y9.4067
G01 X2.3123 Y9.4036
G01 X2.3111 Y9.4005
G01 X2.3098 Y9.3975
G01 X2.3085 Y9.3944
G01 X2.3072 Y9.3914
G01 X2.3058 Y9.3884
G01 X2.3045 Y9.3854
G01 X2.3031 Y9.3824
G01 X2.3017 Y9.3794
G01 X2.3003 Y9.3764
G01 X2.2989 Y9.3735
G01 X2.2974 Y9.3705
G01 X2.2960 Y9.3676
G01 X2.2945 Y9.3646
G01 X2.2930 Y9.3617
G01 X2.2915 Y9.3588
G01 X2.2899 Y9.3559
G01 X2.2884 Y9.3530
G01 X2.2868 Y9.3502
G01 X2.2852 Y9.3473
G01 X2.2836 Y9.3444
G01 X2.2819 Y9.3416
G01 X2.2802 Y9.3388
G01 X2.2786 Y9.3359
G01 X2.2769 Y9.3331
G01 X2.2751 Y9.3303
G01 X2.2734 Y9.3275
G01 X2.2716 Y9.3248
G01 X2.2699 Y9.3220
G01 X2.2681 Y9.3192
G01 X2.2662 Y9.3165
G01 X2.2644 Y9.3137
G01 X2.2625 Y9.3110
G01 X2.2607 Y9.3082
G01 X2.2588 Y9.3055
G01 X2.2568 Y9.3028
G01 X2.2549 Y9.3001
G01 X2.2529 Y9.2974
G01 X2.2510 Y9.2947
G01 X2.2490 Y9.2920
G01 X2.2469 Y9.2894
G01 X2.2449 Y9.2867
G01 X2.2428 Y9.2841
G01 X2.2407 Y9.2814
G01 X2.2386 Y9.2788
G01 X2.2365 Y9.2761
G01 X2.2344 Y9.2735
G01 X2.2322 Y9.2709
G01 X2.2300 Y9.2683
G01 X2.2278 Y9.2657
G01 X2.2256 Y9.2631
G01 X2.2233 Y9.2605
G01 X2.2211 Y9.2579
G01 X2.2188 Y9.2553
G01 X2.2165 Y9.2527
G01 X2.2141 Y9.2502
G01 X2.2118 Y9.2476
G01 X2.2094 Y9.2451
G01 X2.2070 Y9.2425
G01 X2.2046 Y9.2400
G01 X2.2021 Y9.2374
G01 X2.1997 Y9.2349
G01 X2.1972 Y9.2324
G01 X2.1947 Y9.2298
G01 X2.1922 Y9.2273
G01 X2.1896 Y9.2248
G01 X2.1871 Y9.2223
G01 X2.1845 Y9.2198
G01 X2.1819 Y9.2173
G01 X2.1792 Y9.2148
G01 X2.1766 Y9.2123
G01 X2.1739 Y9.2098
G01 X2.1712 Y9.2074
G01 X2.1685 Y9.2049
G01 X2.1657 Y9.2024
G01 X2.1630 Y9.1999
G01 X2.1602 Y9.1975
G01 X2.1574 Y9.1950
G01 X2.1546 Y9.1925
G01 X2.1517 Y9.1901
G01 X2.1488 Y9.1876
G01 X2.1459 Y9.1852
G01 X2.1430 Y9.1827
G01 X2.1401 Y9.1803
G01 X2.1371 Y9.1779
G01 X2.1341 Y9.1754
G01 X2.1311 Y9.1730
G01 X2.1281 Y9.1705
G01 X2.1251 Y9.1681
G01 X2.1220 Y9.1657
G01 X2.1189 Y9.1633
G01 X2.1158 Y9.1608
G01 X2.1126 Y9.1584
G01 X2.1095 Y9.1560
G01 X2.1063 Y9.1536
G01 X2.1031 Y9.1511
G01 X2.0998 Y9.1487
G01 X2.0966 Y9.1463
G01 X2.0933 Y9.1439
G01 X2.0900 Y9.1415
G01 X2.0867 Y9.1391
G01 X2.0833 Y9.1366
G01 X2.0800 Y9.1342
G01 X2.0766 Y9.1318
G01 X2.0732 Y9.1294
G01 X2.0697 Y9.1270
G01 X2.0663 Y9.1246
G01 X2.0628 Y9.1222
G01 X2.0593 Y9.1197
G01 X2.0557 Y9.1173
G01 X2.0522 Y9.1149
G01 X2.0486 Y9.1125
G01 X2.0462 Y9.1109
G01 X2.0438 Y9.1093
G01 X2.0414 Y9.1077
G01 X2.0390 Y9.1061
G01 X2.0366 Y9.1046
G01 X2.0342 Y9.1030
G01 X2.0319 Y9.1015
G01 X2.0295 Y9.0999
G01 X2.0271 Y9.0984
G01 X2.0247 Y9.0968
G01 X2.0223 Y9.0953
G01 X2.0199 Y9.0938
G01 X2.0175 Y9.0923
G01 X2.0152 Y9.0908
G01 X2.0128 Y9.0893
G01 X2.0104 Y9.0878
G01 X2.0080 Y9.0864
G01 X2.0056 Y9.0849
G01 X2.0032 Y9.0835
G01 X2.0008 Y9.0820
G01 X1.9985 Y9.0806
G01 X1.9961 Y9.0791
G01 X1.9937 Y9.0777
G01 X1.9913 Y9.0763
G01 X1.9889 Y9.0749
G01 X1.9864 Y9.0734
G01 X1.9840 Y9.0720
G01 X1.9816 Y9.0706
G01 X1.9792 Y9.0693
G01 X1.9768 Y9.0679
G01 X1.9744 Y9.0665
G01 X1.9719 Y9.0651
G01 X1.9695 Y9.0638
G01 X1.9670 Y9.0624
G01 X1.9646 Y9.0610
G01 X1.9621 Y9.0597
G01 X1.9597 Y9.0583
G01 X1.9572 Y9.0570
G01 X1.9547 Y9.0557
G01 X1.9522 Y9.0544
G01 X1.9497 Y9.0530
G01 X1.9472 Y9.0517
G01 X1.9447 Y9.0504
G01 X1.9422 Y9.0491
G01 X1.9397 Y9.0478
G01 X1.9372 Y9.0465
G01 X1.9346 Y9.0452
G01 X1.9321 Y9.0439
G01 X1.9295 Y9.0426
G01 X1.9269 Y9.0413
G01 X1.9244 Y9.0401
G01 X1.9218 Y9.0388
G01 X1.9192 Y9.0375
G01 X1.9165 Y9.0363
G01 X1.9139 Y9.0350
G01 X1.9113 Y9.0338
G01 X1.9086 Y9.0325
G01 X1.9060 Y9.0313
G01 X1.9033 Y9.0300
G01 X1.9006 Y9.0288
G01 X1.8979 Y9.0275
G01 X1.8952 Y9.0263
G01 X1.8925 Y9.0251
G01 X1.8898 Y9.0238
G01 X1.8870 Y9.0226
G01 X1.8842 Y9.0214
G01 X1.8815 Y9.0201
G01 X1.8787 Y9.0189
G01 X1.8758 Y9.0177
G01 X1.8730 Y9.0165
G01 X1.8702 Y9.0153
G01 X1.8673 Y9.0141
G01 X1.8644 Y9.0129
G01 X1.8616 Y9.0117
G01 X1.8587 Y9.0104
G01 X1.8557 Y9.0092
G01 X1.8528 Y9.0080
G01 X1.8498 Y9.0068
G01 X1.8469 Y9.0056
G01 X1.8439 Y9.0044
G01 X1.8408 Y9.0032
G01 X1.8378 Y9.0020
G01 X1.8348 Y9.0009
G01 X1.8317 Y8.9997
G01 X1.8286 Y8.9985
G01 X1.8255 Y8.9973
G01 X1.8224 Y8.9961
G01 X1.8192 Y8.9949
G01 X1.8161 Y8.9937
G01 X1.8129 Y8.9925
G01 X1.8097 Y8.9913
G01 X1.8064 Y8.9901
G01 X1.8032 Y8.9889
G01 X1.7999 Y8.9877
G01 X1.7966 Y8.9866
G01 X1.7933 Y8.9854
G01 X1.7900 Y8.9842
G01 X1.7866 Y8.9830
G01 X1.7832 Y8.9818
G01 X1.7798 Y8.9806
G01 X1.7764 Y8.9794
G01 X1.7729 Y8.9782
G01 X1.7694 Y8.9770
G01 X1.7659 Y8.9758
G01 X1.7624 Y8.9746
G01 X1.7588 Y8.9734
G01 X1.7552 Y8.9722
G01 X1.7516 Y8.9710
G01 X1.7480 Y8.9698
G01 X1.7443 Y8.9686
G01 X1.7407 Y8.9674
G01 X1.7370 Y8.9662
G01 X1.7332 Y8.9650
G01 X1.7294 Y8.9638
G01 X1.7257 Y8.9626
G01 X1.7218 Y8.9613
G01 X1.7180 Y8.9601
G01 X1.7141 Y8.9589
G01 X1.7102 Y8.9577
G01 X1.7063 Y8.9564
G01 X1.7023 Y8.9552
G01 X1.6983 Y8.9540
G01 X1.6943 Y8.9527
G01 X1.6902 Y8.9515
G01 X1.6862 Y8.9503
G01 X1.6820 Y8.9490
G01 X1.6779 Y8.9478
G01 X1.6737 Y8.9465
G01 X1.6695 Y8.9453
G01 X1.6653 Y8.9440
G01 X1.6610 Y8.9427
G01 X1.6567 Y8.9415
G01 X1.6524 Y8.9402
G01 X1.6480 Y8.9389
G01 X1.6436 Y8.9377
G01 X1.6392 Y8.9364
G01 X1.6347 Y8.9351
G01 X1.6302 Y8.9338
G01 X1.6257 Y8.9325
G01 X1.6211 Y8.9312
G01 X1.6165 Y8.9299
G01 X1.6119 Y8.9286
G01 X1.6072 Y8.9273
G01 X1.6025 Y8.9259
G01 X1.5978 Y8.9246
G01 X1.5930 Y8.9233
G01 X1.5882 Y8.9219
G01 X1.5834 Y8.9206
G01 X1.5785 Y8.9193
G01 X1.5735 Y8.9179
G01 X1.5686 Y8.9166
G01 X1.5636 Y8.9152
G01 X1.5586 Y8.9138
G01 X1.5535 Y8.9124
G01 X1.5484 Y8.9111
G01 X1.5432 Y8.9097
G01 X1.5380 Y8.9083
G01 X1.5328 Y8.9069
G01 X1.5275 Y8.9055
G01 X1.5222 Y8.9041
G01 X1.5169 Y8.9026
G01 X1.5115 Y8.9012
G01 X1.5061 Y8.8998
G01 X1.5006 Y8.8983
G01 X1.4951 Y8.8969
G01 X1.4896 Y8.8954
G01 X1.4840 Y8.8940
G01 X1.4783 Y8.8925
G01 X1.4727 Y8.8910
G01 X1.4670 Y8.8895
G01 X1.4612 Y8.8880
G01 X1.4554 Y8.8865
G01 X1.4496 Y8.8850
G01 X1.4437 Y8.8835
G01 X1.4377 Y8.8820
G01 X1.4318 Y8.8804
G01 X1.4258 Y8.8789
G01 X1.4197 Y8.8774
G01 X1.4136 Y8.8758
G01 X1.4074 Y8.8742
G01 X1.4012 Y8.8727
G01 X1.3950 Y8.8711
G01 X1.3887 Y8.8695
G01 X1.3824 Y8.8679
G01 X1.3760 Y8.8663
G01 X1.3696 Y8.8646
G01 X1.3631 Y8.8630
G01 X1.3566 Y8.8614
G01 X1.3500 Y8.8597
G01 X1.3441 Y8.8582
G01 X1.3382 Y8.8567
G01 X1.3324 Y8.8553
G01 X1.3265 Y8.8538
G01 X1.3207 Y8.8523
G01 X1.3149 Y8.8508
G01 X1.3091 Y8.8493
G01 X1.3033 Y8.8479
G01 X1.2976 Y8.8464
G01 X1.2919 Y8.8449
G01 X1.2862 Y8.8435
G01 X1.2805 Y8.8420
G01 X1.2748 Y8.8406
G01 X1.2692 Y8.8391
G01 X1.2635 Y8.8377
G01 X1.2579 Y8.8362
G01 X1.2524 Y8.8348
G01 X1.2468 Y8.8334
G01 X1.2413 Y8.8320
G01 X1.2358 Y8.8305
G01 X1.2304 Y8.8291
G01 X1.2249 Y8.8277
G01 X1.2195 Y8.8263
G01 X1.2142 Y8.8249
G01 X1.2088 Y8.8235
G01 X1.2035 Y8.8222
G01 X1.1983 Y8.8208
G01 X1.1930 Y8.8194
G01 X1.1878 Y8.8181
G01 X1.1826 Y8.8167
G01 X1.1775 Y8.8154
G01 X1.1724 Y8.8141
G01 X1.1673 Y8.8127
G01 X1.1623 Y8.8114
G01 X1.1573 Y8.8101
G01 X1.1524 Y8.8088
G01 X1.1475 Y8.8075
G01 X1.1426 Y8.8062
G01 X1.1378 Y8.8050
G01 X1.1330 Y8.8037
G01 X1.1282 Y8.8024
G01 X1.1235 Y8.8012
G01 X1.1189 Y8.8000
G01 X1.1142 Y8.7987
G01 X1.1097 Y8.7975
G01 X1.1051 Y8.7963
G01 X1.1007 Y8.7951
G01 X1.0962 Y8.7939
G01 X1.0919 Y8.7928
G01 X1.0875 Y8.7916
G01 X1.0832 Y8.7905
G01 X1.0790 Y8.7893
G01 X1.0748 Y8.7882
G01 X1.0707 Y8.7871
G01 X1.0666 Y8.7860
G01 X1.0626 Y8.7849
G01 X1.0586 Y8.7838
G01 X1.0547 Y8.7827
G01 X1.0508 Y8.7817
G01 X1.0470 Y8.7807
G01 X1.0433 Y8.7796
G01 X1.0396 Y8.7786
G01 X1.0360 Y8.7776
G01 X1.0324 Y8.7766
G01 X1.0289 Y8.7757
G01 X1.0254 Y8.7747
G01 X1.0220 Y8.7738
G01 X1.0187 Y8.7728
G01 X1.0154 Y8.7719
G01 X1.0122 Y8.7710
G01 X1.0090 Y8.7701
G01 X1.0060 Y8.7693
G01 X1.0029 Y8.7684
G01 X1.0000 Y8.7676
G01 X0.9971 Y8.7667
G01 X0.9943 Y8.7659
G01 X0.9915 Y8.7651
G01 X0.9889 Y8.7644
G01 X0.9862 Y8.7636
G01 X0.9837 Y8.7629
G01 X0.9812 Y8.7621
G01 X0.9788 Y8.7614
G01 X0.9765 Y8.7607
G01 X0.9742 Y8.7601
G01 X0.9721 Y8.7594
G01 X0.9699 Y8.7588
G01 X0.9679 Y8.7582
G01 X0.9660 Y8.7576
G01 X0.9641 Y8.7570
G01 X0.9623 Y8.7564
G01 X0.9605 Y8.7559
G01 X0.9589 Y8.7553
G01 X0.9573 Y8.7548
G01 X0.9558 Y8.7543
G01 X0.9544 Y8.7539
G01 X0.9531 Y8.7534
G01 X0.9519 Y8.7530
G01 X0.9507 Y8.7526
G01 X0.9496 Y8.7522
G01 X0.9486 Y8.7518
G01 X0.9477 Y8.7514
G01 X0.9469 Y8.7511
G01 X0.9461 Y8.7508
G01 X0.9455 Y8.7505
G01 X0.9449 Y8.7502
G01 X0.9444 Y8.7500
G01 X0.9398 Y8.7477
G01 X0.9351 Y8.7454
G01 X0.9306 Y8.7433
G01 X0.9262 Y8.7414
G01 X0.9222 Y8.7396
G01 X0.9185 Y8.7382
G01 X0.9154 Y8.7371
G01 X0.9129 Y8.7364
G01 X0.9111 Y8.7361
G01 X0.9107 Y8.7363
G01 X0.9104 Y8.7367
G01 X0.9103 Y8.7374
G01 X0.9104 Y8.7384
G01 X0.9106 Y8.7397
G01 X0.9109 Y8.7412
G01 X0.9114 Y8.7430
G01 X0.9120 Y8.7450
G01 X0.9127 Y8.7472
G01 X0.9136 Y8.7497
G01 X0.9146 Y8.7524
G01 X0.9157 Y8.7554
G01 X0.9170 Y8.7585
G01 X0.9183 Y8.7619
G01 X0.9198 Y8.7654
G01 X0.9214 Y8.7692
G01 X0.9231 Y8.7731
G01 X0.9249 Y8.7772
G01 X0.9268 Y8.7815
G01 X0.9288 Y8.7859
G01 X0.9309 Y8.7905
G01 X0.9331 Y8.7952
G01 X0.9353 Y8.8001
G01 X0.9377 Y8.8051
G01 X0.9401 Y8.8103
G01 X0.9427 Y8.8155
G01 X0.9452 Y8.8209
G01 X0.9479 Y8.8264
G01 X0.9507 Y8.8320
G01 X0.9535 Y8.8376
G01 X0.9563 Y8.8434
G01 X0.9593 Y8.8492
G01 X0.9622 Y8.8551
G01 X0.9653 Y8.8611
G01 X0.9682 Y8.8669
G01 X0.9710 Y8.8725
G01 X0.9739 Y8.8781
G01 X0.9768 Y8.8836
G01 X0.9796 Y8.8890
G01 X0.9824 Y8.8944
G01 X0.9852 Y8.8996
G01 X0.9879 Y8.9047
G01 X0.9906 Y8.9097
G01 X0.9933 Y8.9145
G01 X0.9960 Y8.9193
G01 X0.9986 Y8.9239
G01 X1.0011 Y8.9283
G01 X1.0036 Y8.9327
G01 X1.0060 Y8.9368
G01 X1.0084 Y8.9409
G01 X1.0108 Y8.9447
G01 X1.0130 Y8.9484
G01 X1.0152 Y8.9520
G01 X1.0173 Y8.9553
G01 X1.0194 Y8.9585
G01 X1.0214 Y8.9615
G01 X1.0232 Y8.9643
G01 X1.0251 Y8.9669
G01 X1.0268 Y8.9693
G01 X1.0284 Y8.9714
G01 X1.0299 Y8.9734
G01 X1.0314 Y8.9752
G01 X1.0327 Y8.9767
G01 X1.0339 Y8.9780
G01 X1.0350 Y8.9790
G01 X1.0360 Y8.9798
G01 X1.0369 Y8.9804
G01 X1.0377 Y8.9807
G01 X1.0384 Y8.9808
G01 X1.0389 Y8.9806
G01 X1.0422 Y8.9800
G01 X1.0452 Y8.9816
G01 X1.0477 Y8.9852
G01 X1.0494 Y8.9904
G01 X1.0500 Y8.9972
G01 X1.0501 Y8.9981
G01 X1.0502 Y8.9991
G01 X1.0505 Y9.0002
G01 X1.0509 Y9.0015
G01 X1.0514 Y9.0029
G01 X1.0520 Y9.0045
G01 X1.0527 Y9.0062
G01 X1.0535 Y9.0081
G01 X1.0544 Y9.0101
G01 X1.0554 Y9.0122
G01 X1.0565 Y9.0144
G01 X1.0577 Y9.0168
G01 X1.0590 Y9.0193
G01 X1.0604 Y9.0219
G01 X1.0618 Y9.0246
G01 X1.0634 Y9.0274
G01 X1.0650 Y9.0304
G01 X1.0668 Y9.0334
G01 X1.0686 Y9.0366
G01 X1.0705 Y9.0398
G01 X1.0724 Y9.0431
G01 X1.0744 Y9.0466
G01 X1.0766 Y9.0501
G01 X1.0787 Y9.0537
G01 X1.0810 Y9.0574
G01 X1.0833 Y9.0612
G01 X1.0857 Y9.0651
G01 X1.0882 Y9.0690
G01 X1.0907 Y9.0730
G01 X1.0933 Y9.0771
G01 X1.0959 Y9.0812
G01 X1.0986 Y9.0854
G01 X1.1013 Y9.0897
G01 X1.1041 Y9.0940
G01 X1.1070 Y9.0984
G01 X1.1099 Y9.1028
G01 X1.1129 Y9.1073
G01 X1.1159 Y9.1119
G01 X1.1189 Y9.1164
G01 X1.1220 Y9.1210
G01 X1.1251 Y9.1257
G01 X1.1283 Y9.1304
G01 X1.1315 Y9.1351
G01 X1.1347 Y9.1398
G01 X1.1380 Y9.1446
G01 X1.1413 Y9.1494
G01 X1.1446 Y9.1542
G01 X1.1480 Y9.1590
G01 X1.1514 Y9.1639
G01 X1.1564 Y9.1709
G01 X1.1613 Y9.1777
G01 X1.1660 Y9.1843
G01 X1.1706 Y9.1906
G01 X1.1750 Y9.1968
G01 X1.1793 Y9.2027
G01 X1.1835 Y9.2084
G01 X1.1875 Y9.2139
G01 X1.1914 Y9.2191
G01 X1.1951 Y9.2242
G01 X1.1988 Y9.2291
G01 X1.2023 Y9.2338
G01 X1.2057 Y9.2383
G01 X1.2090 Y9.2426
G01 X1.2123 Y9.2467
G01 X1.2154 Y9.2507
G01 X1.2184 Y9.2544
G01 X1.2213 Y9.2580
G01 X1.2241 Y9.2615
G01 X1.2268 Y9.2647
G01 X1.2295 Y9.2678
G01 X1.2321 Y9.2708
G01 X1.2346 Y9.2736
G01 X1.2370 Y9.2763
G01 X1.2394 Y9.2788
G01 X1.2417 Y9.2812
G01 X1.2440 Y9.2834
G01 X1.2462 Y9.2855
G01 X1.2484 Y9.2875
G01 X1.2505 Y9.2893
G01 X1.2526 Y9.2911
G01 X1.2546 Y9.2927
G01 X1.2566 Y9.2942
G01 X1.2586 Y9.2956
G01 X1.2605 Y9.2969
G01 X1.2624 Y9.2981
G01 X1.2644 Y9.2992
G01 X1.2663 Y9.3002
G01 X1.2681 Y9.3011
G01 X1.2700 Y9.3020
G01 X1.2719 Y9.3027
G01 X1.2738 Y9.3034
G01 X1.2757 Y9.3040
G01 X1.2776 Y9.3046
G01 X1.2795 Y9.3050
G01 X1.2814 Y9.3054
G01 X1.2834 Y9.3058
G01 X1.2854 Y9.3061
G01 X1.2874 Y9.3064
G01 X1.2894 Y9.3066
G01 X1.2915 Y9.3067
G01 X1.2937 Y9.3069
G01 X1.2958 Y9.3069
G01 X1.3403 Y9.3083
G01 X1.2986 Y9.3194
G01 X1.2932 Y9.3208
G01 X1.2885 Y9.3221
G01 X1.2843 Y9.3234
G01 X1.2807 Y9.3247
G01 X1.2778 Y9.3259
G01 X1.2755 Y9.3272
G01 X1.2738 Y9.3285
G01 X1.2728 Y9.3298
G01 X1.2724 Y9.3312
G01 X1.2726 Y9.3325
G01 X1.2734 Y9.3339
G01 X1.2749 Y9.3352
G01 X1.2771 Y9.3367
G01 X1.2799 Y9.3381
G01 X1.2834 Y9.3396
G01 X1.2875 Y9.3411
G01 X1.2923 Y9.3427
G01 X1.2978 Y9.3443
G01 X1.3039 Y9.3460
G01 X1.3107 Y9.3477
G01 X1.3182 Y9.3495
G01 X1.3264 Y9.3514
G01 X1.3331 Y9.3529
G01 X1.3382 Y9.3543
G01 X1.3418 Y9.3554
G01 X1.3437 Y9.3563
G01 X1.3441 Y9.3571
G01 X1.3429 Y9.3578
G01 X1.3401 Y9.3584
G01 X1.3357 Y9.3589
G01 X1.3298 Y9.3593
G01 X1.3222 Y9.3597
G01 X1.3191 Y9.3599
G01 X1.3162 Y9.3601
G01 X1.3135 Y9.3603
G01 X1.3111 Y9.3606
G01 X1.3090 Y9.3610
G01 X1.3072 Y9.3616
G01 X1.3056 Y9.3622
G01 X1.3043 Y9.3630
G01 X1.3034 Y9.3640
G01 X1.3027 Y9.3652
G01 X1.3023 Y9.3666
G01 X1.3022 Y9.3683
G01 X1.3024 Y9.3702
G01 X1.3030 Y9.3724
G01 X1.3038 Y9.3749
G01 X1.3050 Y9.3777
G01 X1.3066 Y9.3809
G01 X1.3084 Y9.3844
G01 X1.3107 Y9.3883
G01 X1.3132 Y9.3927
G01 X1.3162 Y9.3974
G01 X1.3195 Y9.4026
G01 X1.3231 Y9.4083
G01 X1.3272 Y9.4145
G01 X1.3316 Y9.4211
G01 X1.3364 Y9.4283
G01 X1.3416 Y9.4361
G01 X1.3472 Y9.4444
G01 X1.3510 Y9.4501
G01 X1.3547 Y9.4557
G01 X1.3583 Y9.4612
G01 X1.3617 Y9.4665
G01 X1.3651 Y9.4717
G01 X1.3683 Y9.4768
G01 X1.3714 Y9.4817
G01 X1.3744 Y9.4864
G01 X1.3772 Y9.4910
G01 X1.3799 Y9.4953
G01 X1.3824 Y9.4994
G01 X1.3847 Y9.5033
G01 X1.3869 Y9.5070
G01 X1.3889 Y9.5104
G01 X1.3907 Y9.5135
G01 X1.3923 Y9.5164
G01 X1.3937 Y9.5189
G01 X1.3949 Y9.5212
G01 X1.3959 Y9.5232
G01 X1.3966 Y9.5248
G01 X1.3971 Y9.5261
G01 X1.3974 Y9.5270
G01 X1.3974 Y9.5276
G01 X1.3972 Y9.5278
G01 X1.3968 Y9.5277
G01 X1.3962 Y9.5273
G01 X1.3954 Y9.5267
G01 X1.3945 Y9.5258
G01 X1.3934 Y9.5247
G01 X1.3922 Y9.5234
G01 X1.3908 Y9.5219
G01 X1.3893 Y9.5202
G01 X1.3877 Y9.5183
G01 X1.3860 Y9.5162
G01 X1.3841 Y9.5138
G01 X1.3821 Y9.5113
G01 X1.3800 Y9.5086
G01 X1.3778 Y9.5058
G01 X1.3754 Y9.5027
G01 X1.3730 Y9.4995
G01 X1.3705 Y9.4962
G01 X1.3679 Y9.4927
G01 X1.3652 Y9.4890
G01 X1.3624 Y9.4852
G01 X1.3595 Y9.4813
G01 X1.3565 Y9.4773
G01 X1.3535 Y9.4731
G01 X1.3504 Y9.4688
G01 X1.3473 Y9.4644
G01 X1.3440 Y9.4599
G01 X1.3408 Y9.4553
G01 X1.3374 Y9.4506
G01 X1.3341 Y9.4458
G01 X1.3307 Y9.4410
G01 X1.3272 Y9.4360
G01 X1.3237 Y9.4310
G01 X1.3202 Y9.4260
G01 X1.3167 Y9.4208
G01 X1.3152 Y9.4185
G01 X1.3136 Y9.4162
G01 X1.3121 Y9.4138
G01 X1.3104 Y9.4113
G01 X1.3088 Y9.4088
G01 X1.3071 Y9.4063
G01 X1.3054 Y9.4037
G01 X1.3036 Y9.4011
G01 X1.3018 Y9.3984
G01 X1.3000 Y9.3957
G01 X1.2982 Y9.3929
G01 X1.2963 Y9.3901
G01 X1.2944 Y9.3872
G01 X1.2924 Y9.3843
G01 X1.2904 Y9.3814
G01 X1.2884 Y9.3784
G01 X1.2864 Y9.3754
G01 X1.2844 Y9.3724
G01 X1.2823 Y9.3693
G01 X1.2802 Y9.3662
G01 X1.2780 Y9.3631
G01 X1.2759 Y9.3599
G01 X1.2737 Y9.3567
G01 X1.2715 Y9.3535
G01 X1.2693 Y9.3503
G01 X1.2670 Y9.3470
G01 X1.2647 Y9.3437
G01 X1.2625 Y9.3404
G01 X1.2602 Y9.3370
G01 X1.2578 Y9.3336
G01 X1.2555 Y9.3302
G01 X1.2531 Y9.3268
G01 X1.2508 Y9.3234
G01 X1.2484 Y9.3199
G01 X1.2460 Y9.3165
G01 X1.2436 Y9.3130
G01 X1.2412 Y9.3095
G01 X1.2387 Y9.3060
G01 X1.2363 Y9.3025
G01 X1.2338 Y9.2989
G01 X1.2314 Y9.2954
G01 X1.2289 Y9.2918
G01 X1.2264 Y9.2883
G01 X1.2240 Y9.2847
G01 X1.2215 Y9.2811
G01 X1.2190 Y9.2775
G01 X1.2165 Y9.2740
G01 X1.2140 Y9.2704
G01 X1.2115 Y9.2668
G01 X1.2090 Y9.2632
G01 X1.2064 Y9.2596
G01 X1.2039 Y9.2560
G01 X1.2014 Y9.2525
G01 X1.1989 Y9.2489
G01 X1.1964 Y9.2453
G01 X1.1939 Y9.2417
G01 X1.1914 Y9.2382
G01 X1.1889 Y9.2346
G01 X1.1864 Y9.2311
G01 X1.1839 Y9.2276
G01 X1.1815 Y9.2240
G01 X1.1790 Y9.2205
G01 X1.1765 Y9.2170
G01 X1.1741 Y9.2136
G01 X1.1716 Y9.2101
G01 X1.1692 Y9.2067
G01 X1.1668 Y9.2032
G01 X1.1644 Y9.1998
G01 X1.1620 Y9.1964
G01 X1.1596 Y9.1931
G01 X1.1572 Y9.1897
G01 X1.1549 Y9.1864
G01 X1.1525 Y9.1831
G01 X1.1502 Y9.1798
G01 X1.1479 Y9.1766
G01 X1.1456 Y9.1734
G01 X1.1434 Y9.1702
G01 X1.1411 Y9.1670
G01 X1.1389 Y9.1639
G01 X1.1369 Y9.1611
G01 X1.1349 Y9.1583
G01 X1.1328 Y9.1555
G01 X1.1308 Y9.1527
G01 X1.1287 Y9.1497
G01 X1.1266 Y9.1468
G01 X1.1246 Y9.1438
G01 X1.1224 Y9.1408
G01 X1.1203 Y9.1378
G01 X1.1182 Y9.1347
G01 X1.1160 Y9.1316
G01 X1.1139 Y9.1285
G01 X1.1117 Y9.1253
G01 X1.1095 Y9.1221
G01 X1.1073 Y9.1189
G01 X1.1051 Y9.1157
G01 X1.1029 Y9.1124
G01 X1.1007 Y9.1091
G01 X1.0985 Y9.1058
G01 X1.0963 Y9.1024
G01 X1.0940 Y9.0990
G01 X1.0918 Y9.0956
G01 X1.0895 Y9.0922
G01 X1.0873 Y9.0888
G01 X1.0850 Y9.0854
G01 X1.0827 Y9.0819
G01 X1.0805 Y9.0784
G01 X1.0782 Y9.0749
G01 X1.0759 Y9.0714
G01 X1.0736 Y9.0678
G01 X1.0713 Y9.0643
G01 X1.0690 Y9.0607
G01 X1.0668 Y9.0572
G01 X1.0645 Y9.0536
G01 X1.0622 Y9.0500
G01 X1.0599 Y9.0464
G01 X1.0576 Y9.0428
G01 X1.0553 Y9.0392
G01 X1.0530 Y9.0355
G01 X1.0508 Y9.0319
G01 X1.0485 Y9.0283
G01 X1.0462 Y9.0246
G01 X1.0439 Y9.0210
G01 X1.0417 Y9.0174
G01 X1.0394 Y9.0137
G01 X1.0372 Y9.0101
G01 X1.0349 Y9.0064
G01 X1.0327 Y9.0028
G01 X1.0304 Y8.9991
G01 X1.0282 Y8.9955
G01 X1.0260 Y8.9919
G01 X1.0238 Y8.9882
G01 X1.0216 Y8.9846
G01 X1.0194 Y8.9810
G01 X1.0172 Y8.9774
G01 X1.0150 Y8.9738
G01 X1.0129 Y8.9702
G01 X1.0107 Y8.9666
G01 X1.0086 Y8.9630
G01 X1.0065 Y8.9595
G01 X1.0044 Y8.9559
G01 X1.0023 Y8.9524
G01 X1.0002 Y8.9489
G01 X0.9981 Y8.9454
G01 X0.9961 Y8.9419
G01 X0.9941 Y8.9384
G01 X0.9920 Y8.9349
G01 X0.9900 Y8.9315
G01 X0.9881 Y8.9281
G01 X0.9861 Y8.9247
G01 X0.9841 Y8.9213
G01 X0.9822 Y8.9180
G01 X0.9803 Y8.9147
G01 X0.9784 Y8.9113
G01 X0.9766 Y8.9081
G01 X0.9747 Y8.9048
G01 X0.9729 Y8.9016
G01 X0.9711 Y8.8984
G01 X0.9693 Y8.8952
G01 X0.9676 Y8.8921
G01 X0.9658 Y8.8890
G01 X0.9641 Y8.8859
G01 X0.9624 Y8.8829
G01 X0.9608 Y8.8798
G01 X0.9591 Y8.8769
G01 X0.9575 Y8.8739
G01 X0.9560 Y8.8710
G01 X0.9544 Y8.8681
G01 X0.9529 Y8.8653
G01 X0.9514 Y8.8625
G01 X0.9485 Y8.8569
G01 X0.9457 Y8.8513
G01 X0.9428 Y8.8458
G01 X0.9400 Y8.8403
G01 X0.9372 Y8.8349
G01 X0.9344 Y8.8296
G01 X0.9316 Y8.8243
G01 X0.9289 Y8.8191
G01 X0.9261 Y8.8139
G01 X0.9234 Y8.8089
G01 X0.9208 Y8.8039
G01 X0.9181 Y8.7990
G01 X0.9155 Y8.7942
G01 X0.9130 Y8.7895
G01 X0.9104 Y8.7849
G01 X0.9080 Y8.7804
G01 X0.9055 Y8.7760
G01 X0.9031 Y8.7717
G01 X0.9007 Y8.7675
G01 X0.8984 Y8.7635
G01 X0.8962 Y8.7595
G01 X0.8940 Y8.7557
G01 X0.8918 Y8.7520
G01 X0.8897 Y8.7484
G01 X0.8877 Y8.7450
G01 X0.8857 Y8.7417
G01 X0.8838 Y8.7385
G01 X0.8819 Y8.7355
G01 X0.8802 Y8.7326
G01 X0.8784 Y8.7299
G01 X0.8768 Y8.7273
G01 X0.8752 Y8.7249
G01 X0.8737 Y8.7227
G01 X0.8723 Y8.7206
G01 X0.8710 Y8.7187
G01 X0.8697 Y8.7169
G01 X0.8686 Y8.7154
G01 X0.8675 Y8.7140
G01 X0.8665 Y8.7128
G01 X0.8656 Y8.7118
G01 X0.8648 Y8.7110
G01 X0.8641 Y8.7104
G01 X0.8634 Y8.7100
G01 X0.8629 Y8.7097
G01 X0.8625 Y8.7097
G01 X0.8618 Y8.7098
G01 X0.8611 Y8.7101
G01 X0.8603 Y8.7105
G01 X0.8595 Y8.7111
G01 X0.8586 Y8.7118
G01 X0.8577 Y8.7126
G01 X0.8567 Y8.7136
G01 X0.8557 Y8.7147
G01 X0.8546 Y8.7159
G01 X0.8535 Y8.7173
G01 X0.8523 Y8.7188
G01 X0.8511 Y8.7205
G01 X0.8499 Y8.7222
G01 X0.8486 Y8.7241
G01 X0.8473 Y8.7261
G01 X0.8459 Y8.7282
G01 X0.8445 Y8.7304
G01 X0.8431 Y8.7327
G01 X0.8416 Y8.7352
G01 X0.8401 Y8.7377
G01 X0.8385 Y8.7404
G01 X0.8370 Y8.7431
G01 X0.8354 Y8.7460
G01 X0.8337 Y8.7490
G01 X0.8321 Y8.7520
G01 X0.8304 Y8.7551
G01 X0.8286 Y8.7584
G01 X0.8269 Y8.7617
G01 X0.8251 Y8.7651
G01 X0.8233 Y8.7686
G01 X0.8215 Y8.7722
G01 X0.8197 Y8.7758
G01 X0.8178 Y8.7795
G01 X0.8159 Y8.7833
G01 X0.8140 Y8.7872
G01 X0.8121 Y8.7911
G01 X0.8102 Y8.7951
G01 X0.8082 Y8.7992
G01 X0.8063 Y8.8033
G01 X0.8043 Y8.8075
G01 X0.8023 Y8.8117
G01 X0.8003 Y8.8160
G01 X0.7983 Y8.8204
G01 X0.7962 Y8.8248
G01 X0.7942 Y8.8292
G01 X0.7922 Y8.8337
G01 X0.7901 Y8.8382
G01 X0.7881 Y8.8428
G01 X0.7860 Y8.8474
G01 X0.7839 Y8.8520
G01 X0.7819 Y8.8567
G01 X0.7798 Y8.8614
G01 X0.7778 Y8.8661
G01 X0.7757 Y8.8709
G01 X0.7736 Y8.8757
G01 X0.7716 Y8.8805
G01 X0.7695 Y8.8853
G01 X0.7674 Y8.8901
G01 X0.7654 Y8.8949
G01 X0.7634 Y8.8998
G01 X0.7613 Y8.9047
G01 X0.7593 Y8.9095
G01 X0.7573 Y8.9144
G01 X0.7553 Y8.9193
G01 X0.7533 Y8.9242
G01 X0.7513 Y8.9290
G01 X0.7493 Y8.9339
G01 X0.7474 Y8.9388
G01 X0.7455 Y8.9436
G01 X0.7435 Y8.9485
G01 X0.7417 Y8.9533
G01 X0.7398 Y8.9581
G01 X0.7379 Y8.9629
G01 X0.7361 Y8.9676
G01 X0.7343 Y8.9724
G01 X0.7325 Y8.9771
G01 X0.7307 Y8.9817
G01 X0.7290 Y8.9864
G01 X0.7272 Y8.9910
G01 X0.7255 Y8.9956
G01 X0.7239 Y9.0001
G01 X0.7223 Y9.0046
G01 X0.7206 Y9.0090
G01 X0.7191 Y9.0134
G01 X0.7175 Y9.0178
G01 X0.7160 Y9.0221
G01 X0.7146 Y9.0263
G01 X0.7131 Y9.0305
G01 X0.7117 Y9.0347
G01 X0.7104 Y9.0387
G01 X0.7091 Y9.0428
G01 X0.7078 Y9.0467
G01 X0.7065 Y9.0506
G01 X0.7053 Y9.0544
G01 X0.7042 Y9.0581
G01 X0.7031 Y9.0618
G01 X0.7020 Y9.0654
G01 X0.7010 Y9.0689
G01 X0.7000 Y9.0723
G01 X0.6991 Y9.0756
G01 X0.6982 Y9.0788
G01 X0.6974 Y9.0820
G01 X0.6966 Y9.0851
G01 X0.6959 Y9.0880
G01 X0.6952 Y9.0909
G01 X0.6946 Y9.0937
G01 X0.6940 Y9.0964
G01 X0.6935 Y9.0989
G01 X0.6931 Y9.1014
G01 X0.6925 Y9.1048
G01 X0.6919 Y9.1082
G01 X0.6914 Y9.1117
G01 X0.6909 Y9.1151
G01 X0.6904 Y9.1185
G01 X0.6900 Y9.1220
G01 X0.6896 Y9.1255
G01 X0.6892 Y9.1290
G01 X0.6888 Y9.1324
G01 X0.6884 Y9.1359
G01 X0.6881 Y9.1395
G01 X0.6877 Y9.1430
G01 X0.6874 Y9.1465
G01 X0.6872 Y9.1500
G01 X0.6869 Y9.1536
G01 X0.6867 Y9.1571
G01 X0.6865 Y9.1607
G01 X0.6863 Y9.1642
G01 X0.6861 Y9.1678
G01 X0.6860 Y9.1714
G01 X0.6859 Y9.1750
G01 X0.6858 Y9.1786
G01 X0.6857 Y9.1822
G01 X0.6857 Y9.1858
G01 X0.6856 Y9.1895
G01 X0.6856 Y9.1931
G01 X0.6856 Y9.1967
G01 X0.6857 Y9.2004
G01 X0.6857 Y9.2040
G01 X0.6858 Y9.2077
G01 X0.6859 Y9.2113
G01 X0.6860 Y9.2150
G01 X0.6862 Y9.2187
G01 X0.6863 Y9.2224
G01 X0.6865 Y9.2261
G01 X0.6867 Y9.2298
G01 X0.6870 Y9.2335
G01 X0.6872 Y9.2372
G01 X0.6875 Y9.2409
G01 X0.6878 Y9.2446
G01 X0.6881 Y9.2484
G01 X0.6885 Y9.2521
G01 X0.6888 Y9.2558
G01 X0.6892 Y9.2596
G01 X0.6896 Y9.2633
G01 X0.6901 Y9.2671
G01 X0.6905 Y9.2709
G01 X0.6910 Y9.2746
G01 X0.6915 Y9.2784
G01 X0.6920 Y9.2822
G01 X0.6925 Y9.2860
G01 X0.6931 Y9.2897
G01 X0.6937 Y9.2935
G01 X0.6943 Y9.2973
G01 X0.6949 Y9.3011
G01 X0.6955 Y9.3049
G01 X0.6962 Y9.3087
G01 X0.6969 Y9.3125
G01 X0.6976 Y9.3164
G01 X0.6983 Y9.3202
G01 X0.6991 Y9.3240
G01 X0.6998 Y9.3278
G01 X0.7006 Y9.3317
G01 X0.7015 Y9.3355
G01 X0.7023 Y9.3393
G01 X0.7031 Y9.3432
G01 X0.7040 Y9.3470
G01 X0.7049 Y9.3509
G01 X0.7058 Y9.3547
G01 X0.7068 Y9.3586
G01 X0.7077 Y9.3624
G01 X0.7087 Y9.3663
G01 X0.7097 Y9.3701
G01 X0.7108 Y9.3740
G01 X0.7118 Y9.3778
G01 X0.7129 Y9.3817
G01 X0.7140 Y9.3856
G01 X0.7151 Y9.3894
G01 X0.7162 Y9.3933
G01 X0.7174 Y9.3972
G01 X0.7185 Y9.4010
G01 X0.7197 Y9.4049
G01 X0.7209 Y9.4088
G01 X0.7222 Y9.4127
G01 X0.7234 Y9.4165
G01 X0.7247 Y9.4204
G01 X0.7260 Y9.4243
G01 X0.7273 Y9.4282
G01 X0.7286 Y9.4320
G01 X0.7300 Y9.4359
G01 X0.7314 Y9.4398
G01 X0.7328 Y9.4437
G01 X0.7342 Y9.4476
G01 X0.7356 Y9.4514
G01 X0.7371 Y9.4553
G01 X0.7386 Y9.4592
G01 X0.7401 Y9.4631
G01 X0.7416 Y9.4670
G01 X0.7431 Y9.4708
G01 X0.7447 Y9.4747
G01 X0.7463 Y9.4786
G01 X0.7479 Y9.4825
G01 X0.7495 Y9.4863
G01 X0.7512 Y9.4902
G01 X0.7528 Y9.4941
G01 X0.7545 Y9.4980
G01 X0.7562 Y9.5018
G01 X0.7579 Y9.5057
G01 X0.7597 Y9.5096
G01 X0.7615 Y9.5134
G01 X0.7632 Y9.5173
G01 X0.7650 Y9.5211
G01 X0.7669 Y9.5250
G01 X0.7687 Y9.5289
G01 X0.7706 Y9.5327
G01 X0.7725 Y9.5366
G01 X0.7744 Y9.5404
G01 X0.7763 Y9.5443
G01 X0.7782 Y9.5481
G01 X0.7802 Y9.5519
G01 X0.7822 Y9.5558
G01 X0.7842 Y9.5596
G01 X0.7862 Y9.5634
G01 X0.7883 Y9.5673
G01 X0.7903 Y9.5711
G01 X0.7924 Y9.5749
G01 X0.7945 Y9.5787
G01 X0.7967 Y9.5825
G01 X0.7988 Y9.5863
G01 X0.8010 Y9.5902
G01 X0.8032 Y9.5940
G01 X0.8054 Y9.5978
G01 X0.8076 Y9.6015
G01 X0.8098 Y9.6053
G01 X0.8121 Y9.6091
G01 X0.8144 Y9.6129
G01 X0.8167 Y9.6167
G01 X0.8188 Y9.6202
G01 X0.8209 Y9.6236
G01 X0.8230 Y9.6271
G01 X0.8251 Y9.6306
G01 X0.8272 Y9.6340
G01 X0.8294 Y9.6375
G01 X0.8315 Y9.6409
G01 X0.8336 Y9.6444
G01 X0.8358 Y9.6478
G01 X0.8379 Y9.6512
G01 X0.8401 Y9.6547
G01 X0.8423 Y9.6581
G01 X0.8444 Y9.6615
G01 X0.8466 Y9.6649
G01 X0.8488 Y9.6683
G01 X0.8510 Y9.6716
G01 X0.8532 Y9.6750
G01 X0.8554 Y9.6784
G01 X0.8576 Y9.6818
G01 X0.8598 Y9.6851
G01 X0.8620 Y9.6885
G01 X0.8642 Y9.6918
G01 X0.8665 Y9.6951
G01 X0.8687 Y9.6985
G01 X0.8709 Y9.7018
G01 X0.8732 Y9.7051
G01 X0.8754 Y9.7084
G01 X0.8777 Y9.7117
G01 X0.8800 Y9.7150
G01 X0.8822 Y9.7183
G01 X0.8845 Y9.7215
G01 X0.8868 Y9.7248
G01 X0.8891 Y9.7281
G01 X0.8914 Y9.7313
G01 X0.8937 Y9.7346
G01 X0.8960 Y9.7378
G01 X0.8983 Y9.7410
G01 X0.9006 Y9.7443
G01 X0.9029 Y9.7475
G01 X0.9052 Y9.7507
G01 X0.9076 Y9.7539
G01 X0.9099 Y9.7571
G01 X0.9123 Y9.7603
G01 X0.9146 Y9.7635
G01 X0.9170 Y9.7666
G01 X0.9193 Y9.7698
G01 X0.9217 Y9.7730
G01 X0.9241 Y9.7761
G01 X0.9265 Y9.7793
G01 X0.9288 Y9.7824
G01 X0.9312 Y9.7856
G01 X0.9336 Y9.7887
G01 X0.9360 Y9.7918
G01 X0.9384 Y9.7949
G01 X0.9409 Y9.7980
G01 X0.9433 Y9.8011
G01 X0.9457 Y9.8042
G01 X0.9481 Y9.8073
G01 X0.9506 Y9.8104
G01 X0.9530 Y9.8135
G01 X0.9555 Y9.8165
G01 X0.9579 Y9.8196
G01 X0.9604 Y9.8226
G01 X0.9629 Y9.8257
G01 X0.9653 Y9.8287
G01 X0.9678 Y9.8317
G01 X0.9703 Y9.8348
G01 X0.9728 Y9.8378
G01 X0.9753 Y9.8408
G01 X0.9778 Y9.8438
G01 X0.9803 Y9.8468
G01 X0.9828 Y9.8498
G01 X0.9854 Y9.8528
G01 X0.9879 Y9.8557
G01 X0.9904 Y9.8587
G01 X0.9930 Y9.8617
G01 X0.9955 Y9.8646
G01 X0.9981 Y9.8676
G01 X1.0006 Y9.8705
G01 X1.0032 Y9.8734
G01 X1.0057 Y9.8764
G01 X1.0083 Y9.8793
G01 X1.0109 Y9.8822
G01 X1.0135 Y9.8851
G01 X1.0161 Y9.8880
G01 X1.0187 Y9.8909
G01 X1.0213 Y9.8938
G01 X1.0239 Y9.8967
G01 X1.0265 Y9.8995
G01 X1.0292 Y9.9024
G01 X1.0318 Y9.9053
G01 X1.0344 Y9.9081
G01 X1.0371 Y9.9110
G01 X1.0397 Y9.9138
G01 X1.0424 Y9.9166
G01 X1.0450 Y9.9194
G01 X1.0477 Y9.9223
G01 X1.0504 Y9.9251
G01 X1.0530 Y9.9279
G01 X1.0557 Y9.9307
G01 X1.0584 Y9.9335
G01 X1.0611 Y9.9362
G01 X1.0638 Y9.9390
G01 X1.0665 Y9.9418
G01 X1.0693 Y9.9446
G01 X1.0720 Y9.9473
G01 X1.0747 Y9.9501
G01 X1.0774 Y9.9528
G01 X1.0802 Y9.9555
G01 X1.0829 Y9.9583
G01 X1.0857 Y9.9610
G01 X1.0884 Y9.9637
G01 X1.0912 Y9.9664
G01 X1.0940 Y9.9691
G01 X1.0967 Y9.9718
G01 X1.0995 Y9.9745
G01 X1.1023 Y9.9772
G01 X1.1051 Y9.9799
G01 X1.1079 Y9.9825
G01 X1.1107 Y9.9852
G01 X1.1135 Y9.9879
G01 X1.1164 Y9.9905
G01 X1.1192 Y9.9931
G01 X1.1220 Y9.9958
G01 X1.1249 Y9.9984
G01 X1.1277 Y10.0010
G01 X1.1306 Y10.0036
G01 X1.1334 Y10.0063
G01 X1.1363 Y10.0089
G01 X1.1391 Y10.0115
G01 X1.1420 Y10.0140
G01 X1.1449 Y10.0166
G01 X1.1478 Y10.0192
G01 X1.1507 Y10.0218
G01 X1.1536 Y10.0243
G01 X1.1565 Y10.0269
G01 X1.1594 Y10.0294
G01 X1.1623 Y10.0320
G01 X1.1653 Y10.0345
G01 X1.1682 Y10.0370
G01 X1.1711 Y10.0396
G01 X1.1741 Y10.0421
G01 X1.1770 Y10.0446
G01 X1.1800 Y10.0471
G01 X1.1829 Y10.0496
G01 X1.1859 Y10.0521
G01 X1.1889 Y10.0546
G01 X1.1919 Y10.0570
G01 X1.1949 Y10.0595
G01 X1.1979 Y10.0620
G01 X1.2009 Y10.0644
G01 X1.2039 Y10.0669
G01 X1.2069 Y10.0693
G01 X1.2099 Y10.0718
G01 X1.2129 Y10.0742
G01 X1.2160 Y10.0766
G01 X1.2190 Y10.0790
G01 X1.2220 Y10.0815
G01 X1.2251 Y10.0839
G01 X1.2281 Y10.0863
G01 X1.2312 Y10.0887
G01 X1.2343 Y10.0910
G01 X1.2374 Y10.0934
G01 X1.2404 Y10.0958
G01 X1.2435 Y10.0982
G01 X1.2466 Y10.1005
G01 X1.2497 Y10.1029
G01 X1.2528 Y10.1052
G01 X1.2560 Y10.1076
G01 X1.2591 Y10.1099
G01 X1.2622 Y10.1122
G01 X1.2653 Y10.1145
G01 X1.2685 Y10.1169
G01 X1.2716 Y10.1192
G01 X1.2748 Y10.1215
G01 X1.2779 Y10.1238
G01 X1.2811 Y10.1260
G01 X1.2843 Y10.1283
G01 X1.2875 Y10.1306
G01 X1.2906 Y10.1329
G01 X1.2938 Y10.1351
G01 X1.2970 Y10.1374
G01 X1.3002 Y10.1396
G01 X1.3034 Y10.1419
G01 X1.3067 Y10.1441
G01 X1.3099 Y10.1464
G01 X1.3131 Y10.1486
G01 X1.3164 Y10.1508
G01 X1.3196 Y10.1530
G01 X1.3229 Y10.1552
G01 X1.3261 Y10.1574
G01 X1.3294 Y10.1596
G01 X1.3326 Y10.1618
G01 X1.3359 Y10.1640
G01 X1.3392 Y10.1661
G01 X1.3425 Y10.1683
G01 X1.3458 Y10.1705
G01 X1.3491 Y10.1726
G01 X1.3524 Y10.1748
G01 X1.3557 Y10.1769
G01 X1.3590 Y10.1791
G01 X1.3624 Y10.1812
G01 X1.3657 Y10.1833
G01 X1.3690 Y10.1854
G01 X1.3724 Y10.1875
G01 X1.3757 Y10.1896
G01 X1.3791 Y10.1917
G01 X1.3825 Y10.1938
G01 X1.3858 Y10.1959
G01 X1.3892 Y10.1980
G01 X1.3926 Y10.2001
G01 X1.3960 Y10.2021
G01 X1.3994 Y10.2042
G01 X1.4028 Y10.2062
G01 X1.4062 Y10.2083
G01 X1.4096 Y10.2103
G01 X1.4130 Y10.2124
G01 X1.4165 Y10.2144
G01 X1.4199 Y10.2164
G01 X1.4234 Y10.2184
G01 X1.4268 Y10.2205
G01 X1.4303 Y10.2225
G01 X1.4337 Y10.2245
G01 X1.4372 Y10.2264
G01 X1.4407 Y10.2284
G01 X1.4442 Y10.2304
G01 X1.4477 Y10.2324
G01 X1.4512 Y10.2344
G01 X1.4547 Y10.2363
G01 X1.4582 Y10.2383
G01 X1.4617 Y10.2402
G01 X1.4652 Y10.2422
G01 X1.4688 Y10.2441
G01 X1.4723 Y10.2460
G01 X1.4758 Y10.2479
G01 X1.4794 Y10.2499
G01 X1.4829 Y10.2518
G01 X1.4865 Y10.2537
G01 X1.4901 Y10.2556
G01 X1.4937 Y10.2575
G01 X1.4972 Y10.2594
G01 X1.5008 Y10.2612
G01 X1.5044 Y10.2631
G01 X1.5080 Y10.2650
G01 X1.5116 Y10.2668
G01 X1.5153 Y10.2687
G01 X1.5189 Y10.2706
G01 X1.5225 Y10.2724
G01 X1.5262 Y10.2742
G01 X1.5298 Y10.2761
G01 X1.5335 Y10.2779
G01 X1.5371 Y10.2797
G01 X1.5408 Y10.2815
G01 X1.5444 Y10.2833
G01 X1.5479 Y10.2850
G01 X1.5514 Y10.2867
G01 X1.5549 Y10.2884
G01 X1.5584 Y10.2900
G01 X1.5618 Y10.2917
G01 X1.5652 Y10.2933
G01 X1.5687 Y10.2950
G01 X1.5721 Y10.2966
G01 X1.5755 Y10.2982
G01 X1.5788 Y10.2998
G01 X1.5822 Y10.3014
G01 X1.5856 Y10.3029
G01 X1.5889 Y10.3045
G01 X1.5922 Y10.3061
G01 X1.5956 Y10.3076
G01 X1.5989 Y10.3091
G01 X1.6022 Y10.3107
G01 X1.6055 Y10.3122
G01 X1.6088 Y10.3137
G01 X1.6121 Y10.3152
G01 X1.6153 Y10.3167
G01 X1.6186 Y10.3181
G01 X1.6219 Y10.3196
G01 X1.6251 Y10.3211
G01 X1.6284 Y10.3225
G01 X1.6316 Y10.3240
G01 X1.6348 Y10.3254
G01 X1.6381 Y10.3268
G01 X1.6413 Y10.3283
G01 X1.6445 Y10.3297
G01 X1.6477 Y10.3311
G01 X1.6509 Y10.3325
G01 X1.6541 Y10.3339
G01 X1.6573 Y10.3352
G01 X1.6605 Y10.3366
G01 X1.6637 Y10.3380
G01 X1.6669 Y10.3393
G01 X1.6701 Y10.3407
G01 X1.6733 Y10.3420
G01 X1.6765 Y10.3434
G01 X1.6797 Y10.3447
G01 X1.6828 Y10.3460
G01 X1.6860 Y10.3473
G01 X1.6892 Y10.3487
G01 X1.6924 Y10.3500
G01 X1.6956 Y10.3513
G01 X1.6988 Y10.3526
G01 X1.7020 Y10.3538
G01 X1.7052 Y10.3551
G01 X1.7084 Y10.3564
G01 X1.7116 Y10.3577
G01 X1.7148 Y10.3589
G01 X1.7180 Y10.3602
G01 X1.7212 Y10.3615
G01 X1.7244 Y10.3627
G01 X1.7276 Y10.3640
G01 X1.7308 Y10.3652
G01 X1.7340 Y10.3664
G01 X1.7373 Y10.3677
G01 X1.7405 Y10.3689
G01 X1.7438 Y10.3701
G01 X1.7470 Y10.3713
G01 X1.7503 Y10.3725
G01 X1.7535 Y10.3738
G01 X1.7568 Y10.3750
G01 X1.7601 Y10.3762
G01 X1.7634 Y10.3774
G01 X1.7667 Y10.3786
G01 X1.7700 Y10.3798
G01 X1.7733 Y10.3809
G01 X1.7766 Y10.3821
G01 X1.7800 Y10.3833
G01 X1.7833 Y10.3845
G01 X1.7867 Y10.3857
G01 X1.7900 Y10.3868
G01 X1.7934 Y10.3880
G01 X1.7968 Y10.3892
G01 X1.8002 Y10.3904
G01 X1.8036 Y10.3915
G01 X1.8070 Y10.3927
G01 X1.8105 Y10.3939
G01 X1.8139 Y10.3950
G01 X1.8174 Y10.3962
G01 X1.8209 Y10.3973
G01 X1.8244 Y10.3985
G01 X1.8279 Y10.3996
G01 X1.8314 Y10.4008
G01 X1.8350 Y10.4019
G01 X1.8385 Y10.4031
G01 X1.8421 Y10.4043
G01 X1.8457 Y10.4054
G01 X1.8493 Y10.4066
G01 X1.8530 Y10.4077
G01 X1.8566 Y10.4089
G01 X1.8603 Y10.4100
G01 X1.8640 Y10.4112
G01 X1.8677 Y10.4123
G01 X1.8714 Y10.4134
G01 X1.8751 Y10.4146
G01 X1.8789 Y10.4157
G01 X1.8827 Y10.4169
G01 X1.8865 Y10.4181
G01 X1.8903 Y10.4192
G01 X1.8942 Y10.4204
G01 X1.8980 Y10.4215
G01 X1.9019 Y10.4227
G01 X1.9058 Y10.4238
G01 X1.9098 Y10.4250
G01 X1.9137 Y10.4261
G01 X1.9177 Y10.4273
G01 X1.9217 Y10.4285
G01 X1.9258 Y10.4296
G01 X1.9298 Y10.4308
G01 X1.9339 Y10.4320
G01 X1.9380 Y10.4331
G01 X1.9421 Y10.4343
G01 X1.9463 Y10.4355
G01 X1.9505 Y10.4367
G01 X1.9547 Y10.4378
G01 X1.9589 Y10.4390
G01 X1.9632 Y10.4402
G01 X1.9675 Y10.4414
G01 X1.9718 Y10.4426
G01 X1.9762 Y10.4438
G01 X1.9806 Y10.4450
G01 X1.9850 Y10.4462
G01 X1.9894 Y10.4474
G01 X1.9939 Y10.4486
G01 X1.9984 Y10.4498
G01 X2.0029 Y10.4511
G01 X2.0075 Y10.4523
G01 X2.0121 Y10.4535
G01 X2.0167 Y10.4547
G01 X2.0214 Y10.4560
G01 X2.0260 Y10.4572
G01 X2.0308 Y10.4585
G01 X2.0355 Y10.4597
G01 X2.0403 Y10.4610
G01 X2.0451 Y10.4622
G01 X2.0500 Y10.4635
G01 X2.0549 Y10.4648
G01 X2.0598 Y10.4661
G01 X2.0648 Y10.4673
G01 X2.0698 Y10.4686
G01 X2.0748 Y10.4699
G01 X2.0799 Y10.4712
G01 X2.0850 Y10.4725
G01 X2.0901 Y10.4738
G01 X2.0953 Y10.4752
G01 X2.1006 Y10.4765
G01 X2.1058 Y10.4778
G01 X2.1111 Y10.4792
G01 X2.1159 Y10.4804
G01 X2.1208 Y10.4817
G01 X2.1256 Y10.4829
G01 X2.1304 Y10.4842
G01 X2.1353 Y10.4854
G01 X2.1401 Y10.4867
G01 X2.1450 Y10.4879
G01 X2.1498 Y10.4892
G01 X2.1546 Y10.4905
G01 X2.1595 Y10.4918
G01 X2.1643 Y10.4930
G01 X2.1691 Y10.4943
G01 X2.1739 Y10.4956
G01 X2.1787 Y10.4968
G01 X2.1834 Y10.4981
G01 X2.1882 Y10.4994
G01 X2.1929 Y10.5006
G01 X2.1976 Y10.5019
G01 X2.2022 Y10.5032
G01 X2.2069 Y10.5044
G01 X2.2115 Y10.5057
G01 X2.2161 Y10.5069
G01 X2.2206 Y10.5081
G01 X2.2251 Y10.5094
G01 X2.2296 Y10.5106
G01 X2.2340 Y10.5118
G01 X2.2384 Y10.5130
G01 X2.2428 Y10.5142
G01 X2.2471 Y10.5154
G01 X2.2514 Y10.5166
G01 X2.2556 Y10.5178
G01 X2.2597 Y10.5189
G01 X2.2638 Y10.5201
G01 X2.2679 Y10.5212
G01 X2.2719 Y10.5223
G01 X2.2758 Y10.5235
G01 X2.2797 Y10.5246
G01 X2.2835 Y10.5256
G01 X2.2873 Y10.5267
G01 X2.2909 Y10.5278
G01 X2.2945 Y10.5288
G01 X2.2981 Y10.5298
G01 X2.3016 Y10.5308
G01 X2.3050 Y10.5318
G01 X2.3083 Y10.5328
G01 X2.3115 Y10.5338
G01 X2.3147 Y10.5347
G01 X2.3178 Y10.5356
G01 X2.3207 Y10.5365
G01 X2.3237 Y10.5374
G01 X2.3265 Y10.5382
G01 X2.3292 Y10.5391
G01 X2.3318 Y10.5399
G01 X2.3344 Y10.5407
G01 X2.3368 Y10.5414
G01 X2.3392 Y10.5422
G01 X2.3414 Y10.5429
G01 X2.3436 Y10.5436
G01 X2.3456 Y10.5443
G01 X2.3475 Y10.5449
G01 X2.3494 Y10.5455
G01 X2.3511 Y10.5461
G01 X2.3527 Y10.5467
G01 X2.3542 Y10.5472
G01 X2.3635 Y10.5505
G01 X2.3720 Y10.5535
G01 X2.3798 Y10.5561
G01 X2.3870 Y10.5585
G01 X2.3934 Y10.5606
G01 X2.3993 Y10.5624
G01 X2.4045 Y10.5640
G01 X2.4091 Y10.5652
G01 X2.4131 Y10.5661
G01 X2.4165 Y10.5668
G01 X2.4194 Y10.5672
G01 X2.4218 Y10.5673
G01 X2.4237 Y10.5671
G01 X2.4252 Y10.5666
G01 X2.4262 Y10.5659
G01 X2.4267 Y10.5648
G01 X2.4268 Y10.5635
G01 X2.4266 Y10.5619
G01 X2.4260 Y10.5601
G01 X2.4251 Y10.5579
G01 X2.4238 Y10.5555
G01 X2.4222 Y10.5528
G00 X2.2903 Y10.4708
G01 X2.2878 Y10.4691
G01 X2.2854 Y10.4674
G01 X2.2828 Y10.4657
G01 X2.2803 Y10.4639
G01 X2.2778 Y10.4621
G01 X2.2752 Y10.4603
G01 X2.2726 Y10.4585
G01 X2.2699 Y10.4566
G01 X2.2673 Y10.4547
G01 X2.2646 Y10.4528
G01 X2.2619 Y10.4509
G01 X2.2591 Y10.4489
G01 X2.2564 Y10.4469
G01 X2.2536 Y10.4449
G01 X2.2508 Y10.4429
G01 X2.2479 Y10.4409
G01 X2.2451 Y10.4388
G01 X2.2422 Y10.4367
G01 X2.2393 Y10.4346
G01 X2.2364 Y10.4324
G01 X2.2335 Y10.4303
G01 X2.2305 Y10.4281
G01 X2.2275 Y10.4259
G01 X2.2246 Y10.4237
G01 X2.2215 Y10.4215
G01 X2.2185 Y10.4192
G01 X2.2155 Y10.4170
G01 X2.2124 Y10.4147
G01 X2.2093 Y10.4124
G01 X2.2062 Y10.4100
G01 X2.2031 Y10.4077
G01 X2.2000 Y10.4054
G01 X2.1968 Y10.4030
G01 X2.1937 Y10.4006
G01 X2.1905 Y10.3982
G01 X2.1873 Y10.3958
G01 X2.1841 Y10.3933
G01 X2.1809 Y10.3909
G01 X2.1776 Y10.3884
G01 X2.1744 Y10.3859
G01 X2.1711 Y10.3835
G01 X2.1679 Y10.3810
G01 X2.1646 Y10.3784
G01 X2.1613 Y10.3759
G01 X2.1580 Y10.3734
G01 X2.1547 Y10.3708
G01 X2.1514 Y10.3682
G01 X2.1480 Y10.3657
G01 X2.1447 Y10.3631
G01 X2.1413 Y10.3605
G01 X2.1380 Y10.3579
G01 X2.1346 Y10.3552
G01 X2.1313 Y10.3526
G01 X2.1279 Y10.3500
G01 X2.1245 Y10.3473
G01 X2.1211 Y10.3447
G01 X2.1177 Y10.3420
G01 X2.1143 Y10.3393
G01 X2.1109 Y10.3367
G01 X2.1075 Y10.3340
G01 X2.1041 Y10.3313
G01 X2.1007 Y10.3286
G01 X2.0972 Y10.3259
G01 X2.0938 Y10.3231
G01 X2.0904 Y10.3204
G01 X2.0870 Y10.3177
G01 X2.0835 Y10.3150
G01 X2.0801 Y10.3122
G01 X2.0767 Y10.3095
G01 X2.0732 Y10.3067
G01 X2.0698 Y10.3040
G01 X2.0664 Y10.3012
G01 X2.0629 Y10.2985
G01 X2.0595 Y10.2957
G01 X2.0561 Y10.2930
G01 X2.0526 Y10.2902
G01 X2.0492 Y10.2874
G01 X2.0458 Y10.2847
G01 X2.0424 Y10.2819
G01 X2.0390 Y10.2791
G01 X2.0355 Y10.2764
G01 X2.0321 Y10.2736
G01 X2.0287 Y10.2708
G01 X2.0253 Y10.2681
G01 X2.0220 Y10.2653
G01 X2.0186 Y10.2625
G01 X2.0152 Y10.2598
G01 X2.0118 Y10.2570
G01 X2.0085 Y10.2542
G01 X2.0051 Y10.2515
G01 X2.0018 Y10.2487
G01 X1.9984 Y10.2460
G01 X1.9951 Y10.2432
G01 X1.9918 Y10.2405
G01 X1.9885 Y10.2377
G01 X1.9852 Y10.2350
G01 X1.9819 Y10.2322
G01 X1.9786 Y10.2295
G01 X1.9753 Y10.2268
G01 X1.9721 Y10.2241
G01 X1.9688 Y10.2214
G01 X1.9656 Y10.2187
G01 X1.9624 Y10.2160
G01 X1.9592 Y10.2133
G01 X1.9560 Y10.2106
G01 X1.9528 Y10.2079
G01 X1.9496 Y10.2052
G01 X1.9465 Y10.2026
G01 X1.9434 Y10.1999
G01 X1.9402 Y10.1973
G01 X1.9371 Y10.1947
G01 X1.9341 Y10.1920
G01 X1.9310 Y10.1894
G01 X1.9279 Y10.1868
G01 X1.9249 Y10.1842
G01 X1.9219 Y10.1816
G01 X1.9189 Y10.1791
G01 X1.9159 Y10.1765
G01 X1.9130 Y10.1740
G01 X1.9101 Y10.1714
G01 X1.9071 Y10.1689
G01 X1.9042 Y10.1664
G01 X1.9014 Y10.1639
G01 X1.8985 Y10.1614
G01 X1.8957 Y10.1590
G01 X1.8929 Y10.1565
G01 X1.8901 Y10.1541
G01 X1.8874 Y10.1516
G01 X1.8846 Y10.1492
G01 X1.8819 Y10.1468
G01 X1.8792 Y10.1445
G01 X1.8766 Y10.1421
G01 X1.8739 Y10.1398
G01 X1.8713 Y10.1374
G01 X1.8687 Y10.1351
G01 X1.8662 Y10.1328
G01 X1.8636 Y10.1305
G01 X1.8611 Y10.1283
G01 X1.8586 Y10.1260
G01 X1.8562 Y10.1238
G01 X1.8538 Y10.1216
G01 X1.8514 Y10.1194
G01 X1.8462 Y10.1148
G01 X1.8411 Y10.1103
G01 X1.8360 Y10.1059
G01 X1.8311 Y10.1017
G01 X1.8264 Y10.0977
G01 X1.8218 Y10.0938
G01 X1.8173 Y10.0901
G01 X1.8130 Y10.0866
G01 X1.8089 Y10.0833
G01 X1.8050 Y10.0802
G01 X1.8013 Y10.0774
G01 X1.7978 Y10.0748
G01 X1.7945 Y10.0724
G01 X1.7915 Y10.0702
G01 X1.7888 Y10.0684
G01 X1.7863 Y10.0668
G01 X1.7841 Y10.0654
G01 X1.7822 Y10.0644
G01 X1.7807 Y10.0637
G01 X1.7794 Y10.0632
G01 X1.7785 Y10.0631
G01 X1.7780 Y10.0633
G01 X1.7778 Y10.0639
G01 X1.7773 Y10.0659
G01 X1.7759 Y10.0663
G01 X1.7737 Y10.0649
G01 X1.7709 Y10.0621
G01 X1.7676 Y10.0579
G01 X1.7638 Y10.0524
G01 X1.7597 Y10.0458
G01 X1.7593 Y10.0450
G01 X1.7587 Y10.0440
G01 X1.7581 Y10.0429
G01 X1.7573 Y10.0417
G01 X1.7565 Y10.0404
G01 X1.7555 Y10.0390
G01 X1.7545 Y10.0375
G01 X1.7534 Y10.0359
G01 X1.7522 Y10.0342
G01 X1.7509 Y10.0324
G01 X1.7496 Y10.0306
G01 X1.7481 Y10.0286
G01 X1.7466 Y10.0265
G01 X1.7450 Y10.0244
G01 X1.7433 Y10.0222
G01 X1.7416 Y10.0199
G01 X1.7397 Y10.0175
G01 X1.7378 Y10.0150
G01 X1.7359 Y10.0124
G01 X1.7338 Y10.0098
G01 X1.7317 Y10.0071
G01 X1.7295 Y10.0043
G01 X1.7273 Y10.0015
G01 X1.7250 Y9.9985
G01 X1.7226 Y9.9955
G01 X1.7202 Y9.9925
G01 X1.7177 Y9.9894
G01 X1.7151 Y9.9862
G01 X1.7125 Y9.9829
G01 X1.7099 Y9.9796
G01 X1.7071 Y9.9763
G01 X1.7044 Y9.9728
G01 X1.7016 Y9.9694
G01 X1.6987 Y9.9658
G01 X1.6958 Y9.9623
G01 X1.6928 Y9.9586
G01 X1.6898 Y9.9550
G01 X1.6868 Y9.9512
G01 X1.6837 Y9.9475
G01 X1.6806 Y9.9437
G01 X1.6774 Y9.9398
G01 X1.6742 Y9.9359
G01 X1.6709 Y9.9320
G01 X1.6677 Y9.9280
G01 X1.6644 Y9.9240
G01 X1.6610 Y9.9200
G01 X1.6577 Y9.9160
G01 X1.6543 Y9.9119
G01 X1.6509 Y9.9078
G01 X1.6474 Y9.9036
G01 X1.6439 Y9.8995
G01 X1.6405 Y9.8953
G01 X1.6370 Y9.8911
G01 X1.6334 Y9.8869
G01 X1.6299 Y9.8826
G01 X1.6263 Y9.8784
G01 X1.6227 Y9.8741
G01 X1.6192 Y9.8698
G01 X1.6156 Y9.8655
G01 X1.6119 Y9.8612
G01 X1.6083 Y9.8569
G01 X1.6025 Y9.8501
G01 X1.5968 Y9.8434
G01 X1.5912 Y9.8369
G01 X1.5858 Y9.8304
G01 X1.5804 Y9.8241
G01 X1.5752 Y9.8180
G01 X1.5701 Y9.8119
G01 X1.5652 Y9.8060
G01 X1.5603 Y9.8002
G01 X1.5556 Y9.7945
G01 X1.5510 Y9.7890
G01 X1.5465 Y9.7836
G01 X1.5422 Y9.7783
G01 X1.5380 Y9.7732
G01 X1.5339 Y9.7682
G01 X1.5299 Y9.7633
G01 X1.5261 Y9.7586
G01 X1.5224 Y9.7540
G01 X1.5188 Y9.7495
G01 X1.5153 Y9.7452
G01 X1.5120 Y9.7410
G01 X1.5088 Y9.7369
G01 X1.5057 Y9.7330
G01 X1.5027 Y9.7292
G01 X1.4999 Y9.7256
G01 X1.4972 Y9.7221
G01 X1.4947 Y9.7187
G01 X1.4922 Y9.7154
G01 X1.4899 Y9.7123
G01 X1.4877 Y9.7094
G01 X1.4857 Y9.7066
G01 X1.4838 Y9.7039
G01 X1.4820 Y9.7013
G01 X1.4803 Y9.6990
G01 X1.4788 Y9.6967
G01 X1.4774 Y9.6946
G01 X1.4761 Y9.6926
G01 X1.4750 Y9.6908
G01 X1.4740 Y9.6891
G01 X1.4731 Y9.6876
G01 X1.4724 Y9.6862
G01 X1.4718 Y9.6849
G01 X1.4713 Y9.6838
G01 X1.4710 Y9.6829
G01 X1.4708 Y9.6821
G01 X1.4707 Y9.6814
G01 X1.4708 Y9.6809
G01 X1.4710 Y9.6805
G01 X1.4713 Y9.6803
G01 X1.4718 Y9.6802
G01 X1.4724 Y9.6803
G01 X1.4731 Y9.6805
G01 X1.4740 Y9.6809
G01 X1.4750 Y9.6814
G01 X1.4762 Y9.6821
G01 X1.4775 Y9.6829
G01 X1.4789 Y9.6839
G01 X1.4804 Y9.6851
G01 X1.4821 Y9.6864
G01 X1.4840 Y9.6878
G01 X1.4859 Y9.6894
G01 X1.4880 Y9.6911
G01 X1.4903 Y9.6931
G01 X1.4950 Y9.6964
G01 X1.4996 Y9.6991
G01 X1.5040 Y9.7011
G01 X1.5080 Y9.7025
G01 X1.5116 Y9.7030
G01 X1.5145 Y9.7027
G01 X1.5167 Y9.7014
G01 X1.5171 Y9.7012
G01 X1.5178 Y9.7012
G01 X1.5186 Y9.7014
G01 X1.5196 Y9.7019
G01 X1.5207 Y9.7026
G01 X1.5221 Y9.7035
G01 X1.5236 Y9.7046
G01 X1.5252 Y9.7059
G01 X1.5271 Y9.7075
G01 X1.5290 Y9.7092
G01 X1.5311 Y9.7111
G01 X1.5334 Y9.7132
G01 X1.5358 Y9.7155
G01 X1.5383 Y9.7180
G01 X1.5409 Y9.7206
G01 X1.5437 Y9.7234
G01 X1.5466 Y9.7264
G01 X1.5496 Y9.7295
G01 X1.5527 Y9.7328
G01 X1.5559 Y9.7362
G01 X1.5593 Y9.7398
G01 X1.5627 Y9.7435
G01 X1.5662 Y9.7473
G01 X1.5698 Y9.7513
G01 X1.5735 Y9.7553
G01 X1.5772 Y9.7595
G01 X1.5811 Y9.7638
G01 X1.5850 Y9.7682
G01 X1.5889 Y9.7727
G01 X1.5930 Y9.7773
G01 X1.5971 Y9.7819
G01 X1.6012 Y9.7867
G01 X1.6054 Y9.7915
G01 X1.6096 Y9.7964
G01 X1.6139 Y9.8014
G01 X1.6165 Y9.8045
G01 X1.6192 Y9.8077
G01 X1.6218 Y9.8108
G01 X1.6245 Y9.8140
G01 X1.6271 Y9.8171
G01 X1.6298 Y9.8203
G01 X1.6325 Y9.8234
G01 X1.6351 Y9.8266
G01 X1.6378 Y9.8297
G01 X1.6405 Y9.8329
G01 X1.6432 Y9.8361
G01 X1.6460 Y9.8392
G01 X1.6487 Y9.8424
G01 X1.6514 Y9.8456
G01 X1.6541 Y9.8487
G01 X1.6569 Y9.8519
G01 X1.6596 Y9.8551
G01 X1.6624 Y9.8583
G01 X1.6651 Y9.8614
G01 X1.6679 Y9.8646
G01 X1.6707 Y9.8678
G01 X1.6735 Y9.8710
G01 X1.6763 Y9.8742
G01 X1.6790 Y9.8773
G01 X1.6818 Y9.8805
G01 X1.6847 Y9.8837
G01 X1.6875 Y9.8869
G01 X1.6903 Y9.8901
G01 X1.6931 Y9.8933
G01 X1.6959 Y9.8964
G01 X1.6988 Y9.8996
G01 X1.7016 Y9.9028
G01 X1.7044 Y9.9060
G01 X1.7073 Y9.9092
G01 X1.7102 Y9.9124
G01 X1.7130 Y9.9155
G01 X1.7159 Y9.9187
G01 X1.7187 Y9.9219
G01 X1.7216 Y9.9251
G01 X1.7245 Y9.9283
G01 X1.7274 Y9.9315
G01 X1.7303 Y9.9346
G01 X1.7332 Y9.9378
G01 X1.7361 Y9.9410
G01 X1.7390 Y9.9442
G01 X1.7419 Y9.9474
G01 X1.7448 Y9.9505
G01 X1.7477 Y9.9537
G01 X1.7506 Y9.9569
G01 X1.7535 Y9.9601
G01 X1.7564 Y9.9632
G01 X1.7594 Y9.9664
G01 X1.7623 Y9.9696
G01 X1.7652 Y9.9727
G01 X1.7682 Y9.9759
G01 X1.7711 Y9.9791
G01 X1.7741 Y9.9822
G01 X1.7770 Y9.9854
G01 X1.7800 Y9.9885
G01 X1.7829 Y9.9917
G01 X1.7859 Y9.9948
G01 X1.7888 Y9.9980
G01 X1.7918 Y10.0011
G01 X1.7948 Y10.0043
G01 X1.7977 Y10.0074
G01 X1.8007 Y10.0106
G01 X1.8037 Y10.0137
G01 X1.8067 Y10.0168
G01 X1.8096 Y10.0200
G01 X1.8126 Y10.0231
G01 X1.8156 Y10.0262
G01 X1.8186 Y10.0293
G01 X1.8216 Y10.0325
G01 X1.8245 Y10.0356
G01 X1.8275 Y10.0387
G01 X1.8305 Y10.0418
G01 X1.8335 Y10.0449
G01 X1.8365 Y10.0480
G01 X1.8395 Y10.0511
G01 X1.8425 Y10.0542
G01 X1.8455 Y10.0573
G01 X1.8485 Y10.0604
G01 X1.8515 Y10.0634
G01 X1.8545 Y10.0665
G01 X1.8575 Y10.0696
G01 X1.8605 Y10.0726
G01 X1.8635 Y10.0757
G01 X1.8665 Y10.0788
G01 X1.8695 Y10.0818
G01 X1.8725 Y10.0849
G01 X1.8755 Y10.0879
G01 X1.8785 Y10.0909
G01 X1.8815 Y10.0940
G01 X1.8845 Y10.0970
G01 X1.8875 Y10.1000
G01 X1.8905 Y10.1031
G01 X1.8935 Y10.1061
G01 X1.8965 Y10.1091
G01 X1.8995 Y10.1121
G01 X1.9025 Y10.1151
G01 X1.9055 Y10.1181
G01 X1.9085 Y10.1210
G01 X1.9115 Y10.1240
G01 X1.9145 Y10.1270
G01 X1.9174 Y10.1300
G01 X1.9204 Y10.1329
G01 X1.9234 Y10.1359
G01 X1.9264 Y10.1388
G01 X1.9294 Y10.1418
G01 X1.9324 Y10.1447
G01 X1.9354 Y10.1476
G01 X1.9384 Y10.1505
G01 X1.9413 Y10.1535
G01 X1.9443 Y10.1564
G01 X1.9473 Y10.1593
G01 X1.9503 Y10.1622
G01 X1.9533 Y10.1651
G01 X1.9562 Y10.1679
G01 X1.9592 Y10.1708
G01 X1.9622 Y10.1737
G01 X1.9651 Y10.1765
G01 X1.9681 Y10.1794
G01 X1.9710 Y10.1822
G01 X1.9740 Y10.1851
G01 X1.9770 Y10.1879
G01 X1.9799 Y10.1907
G01 X1.9829 Y10.1935
G01 X1.9858 Y10.1963
G01 X1.9887 Y10.1991
G01 X1.9917 Y10.2019
G01 X1.9946 Y10.2047
G01 X1.9975 Y10.2075
G01 X2.0005 Y10.2102
G01 X2.0034 Y10.2130
G01 X2.0063 Y10.2157
G01 X2.0092 Y10.2184
G01 X2.0121 Y10.2212
G01 X2.0151 Y10.2239
G01 X2.0180 Y10.2266
G01 X2.0209 Y10.2293
G01 X2.0238 Y10.2320
G01 X2.0266 Y10.2347
G01 X2.0295 Y10.2374
G01 X2.0324 Y10.2400
G01 X2.0353 Y10.2427
G01 X2.0382 Y10.2453
G01 X2.0410 Y10.2480
G01 X2.0439 Y10.2506
G01 X2.0468 Y10.2532
G01 X2.0496 Y10.2558
G01 X2.0525 Y10.2584
G01 X2.0553 Y10.2610
G01 X2.0581 Y10.2636
G01 X2.0610 Y10.2661
G01 X2.0638 Y10.2687
G01 X2.0666 Y10.2712
G01 X2.0694 Y10.2738
G01 X2.0722 Y10.2763
G01 X2.0751 Y10.2788
G01 X2.0778 Y10.2813
G01 X2.0806 Y10.2838
G01 X2.0834 Y10.2863
G01 X2.0862 Y10.2887
G01 X2.0890 Y10.2912
G01 X2.0917 Y10.2937
G01 X2.0945 Y10.2961
G01 X2.0973 Y10.2985
G01 X2.1000 Y10.3009
G01 X2.1027 Y10.3033
G01 X2.1055 Y10.3057
G01 X2.1082 Y10.3081
G01 X2.1109 Y10.3105
G01 X2.1136 Y10.3128
G01 X2.1163 Y10.3152
G01 X2.1190 Y10.3175
G01 X2.1217 Y10.3198
G01 X2.1244 Y10.3221
G01 X2.1271 Y10.3244
G01 X2.1298 Y10.3267
G01 X2.1324 Y10.3290
G01 X2.1351 Y10.3312
G01 X2.1377 Y10.3335
G01 X2.1403 Y10.3357
G01 X2.1430 Y10.3379
G01 X2.1456 Y10.3401
G01 X2.1482 Y10.3423
G01 X2.1508 Y10.3445
G01 X2.1534 Y10.3467
G01 X2.1560 Y10.3488
G01 X2.1586 Y10.3510
G01 X2.1611 Y10.3531
G01 X2.1637 Y10.3552
G01 X2.1662 Y10.3573
G01 X2.1688 Y10.3594
G01 X2.1713 Y10.3615
G01 X2.1738 Y10.3636
G01 X2.1764 Y10.3656
G01 X2.1789 Y10.3676
G01 X2.1814 Y10.3696
G01 X2.1839 Y10.3717
G01 X2.1863 Y10.3736
G01 X2.1888 Y10.3756
G01 X2.1913 Y10.3776
G01 X2.1937 Y10.3795
G01 X2.1961 Y10.3815
G01 X2.1986 Y10.3834
G01 X2.2010 Y10.3853
G01 X2.2034 Y10.3872
G01 X2.2058 Y10.3890
G01 X2.2082 Y10.3909
G01 X2.2105 Y10.3927
G01 X2.2129 Y10.3946
G01 X2.2153 Y10.3964
G01 X2.2176 Y10.3982
G01 X2.2199 Y10.4000
G01 X2.2223 Y10.4017
G01 X2.2246 Y10.4035
G01 X2.2269 Y10.4052
G01 X2.2292 Y10.4069
G01 X2.2388 Y10.4141
G01 X2.2481 Y10.4210
G01 X2.2571 Y10.4277
G01 X2.2657 Y10.4341
G01 X2.2740 Y10.4402
G01 X2.2819 Y10.4461
G01 X2.2895 Y10.4518
G01 X2.2969 Y10.4573
G01 X2.3039 Y10.4625
G01 X2.3106 Y10.4675
G01 X2.3170 Y10.4723
G01 X2.3231 Y10.4769
G01 X2.3290 Y10.4812
G01 X2.3346 Y10.4854
G01 X2.3399 Y10.4894
G01 X2.3449 Y10.4932
G01 X2.3497 Y10.4968
G01 X2.3542 Y10.5002
G01 X2.3585 Y10.5034
G01 X2.3625 Y10.5065
G01 X2.3663 Y10.5094
G01 X2.3699 Y10.5121
G01 X2.3733 Y10.5147
G01 X2.3764 Y10.5171
G01 X2.3794 Y10.5194
G01 X2.3821 Y10.5215
G01 X2.3846 Y10.5235
G01 X2.3870 Y10.5253
G01 X2.3891 Y10.5271
G01 X2.3911 Y10.5287
G01 X2.3929 Y10.5301
G01 X2.3946 Y10.5315
G01 X2.3961 Y10.5327
G01 X2.3974 Y10.5339
G01 X2.3986 Y10.5349
G01 X2.3996 Y10.5359
G01 X2.4005 Y10.5367
G01 X2.4013 Y10.5375
G01 X2.4019 Y10.5382
G01 X2.4025 Y10.5388
G01 X2.4029 Y10.5393
G01 X2.4032 Y10.5398
G01 X2.4034 Y10.5402
G01 X2.4035 Y10.5405
G01 X2.4036 Y10.5408
G01 X2.4035 Y10.5410
G01 X2.4034 Y10.5412
G01 X2.4032 Y10.5413
G01 X2.4030 Y10.5415
G01 X2.4027 Y10.5415
G01 X2.4023 Y10.5416
G01 X2.4019 Y10.5416
G01 X2.4015 Y10.5417
G01 X2.4010 Y10.5417
G01 X2.4005 Y10.5417
G01 X2.4000 Y10.5417
G01 X2.3996 Y10.5416
G01 X2.3990 Y10.5413
G01 X2.3981 Y10.5409
G01 X2.3970 Y10.5403
G01 X2.3956 Y10.5396
G01 X2.3940 Y10.5386
G01 X2.3922 Y10.5376
G01 X2.3902 Y10.5364
G01 X2.3880 Y10.5350
G01 X2.3856 Y10.5336
G01 X2.3830 Y10.5319
G01 X2.3802 Y10.5302
G01 X2.3772 Y10.5283
G01 X2.3740 Y10.5263
G01 X2.3707 Y10.5242
G01 X2.3672 Y10.5220
G01 X2.3636 Y10.5197
G01 X2.3598 Y10.5172
G01 X2.3559 Y10.5147
G01 X2.3519 Y10.5120
G01 X2.3477 Y10.5093
G01 X2.3434 Y10.5065
G01 X2.3390 Y10.5036
G01 X2.3345 Y10.5006
G01 X2.3299 Y10.4975
G01 X2.3252 Y10.4944
G01 X2.3204 Y10.4912
G01 X2.3155 Y10.4879
G01 X2.3106 Y10.4846
G01 X2.3056 Y10.4812
G01 X2.3005 Y10.4778
G01 X2.2954 Y10.4743
G01 X2.2903 Y10.4708
G00 X2.1861 Y10.1722
G01 X2.1804 Y10.1677
G01 X2.1757 Y10.1640
G01 X2.1721 Y10.1610
G01 X2.1697 Y10.1587
G01 X2.1683 Y10.1572
G01 X2.1681 Y10.1564
G01 X2.1690 Y10.1564
G01 X2.1711 Y10.1570
G01 X2.1744 Y10.1584
G01 X2.1789 Y10.1604
G01 X2.1847 Y10.1632
G01 X2.1917 Y10.1667
G01 X2.1971 Y10.1695
G01 X2.2022 Y10.1723
G01 X2.2070 Y10.1752
G01 X2.2113 Y10.1779
G01 X2.2150 Y10.1804
G01 X2.2180 Y10.1827
G01 X2.2203 Y10.1847
G01 X2.2217 Y10.1863
G01 X2.2222 Y10.1875
G01 X2.2221 Y10.1900
G01 X2.2216 Y10.1919
G01 X2.2207 Y10.1931
G01 X2.2193 Y10.1937
G01 X2.2175 Y10.1937
G01 X2.2151 Y10.1929
G01 X2.2121 Y10.1914
G01 X2.2084 Y10.1891
G01 X2.2041 Y10.1861
G01 X2.1989 Y10.1823
G01 X2.1929 Y10.1777
G01 X2.1861 Y10.1722
G00 X1.9861 Y10.0750
G01 X1.9794 Y10.0720
G01 X1.9728 Y10.0691
G01 X1.9664 Y10.0662
G01 X1.9603 Y10.0633
G01 X1.9544 Y10.0605
G01 X1.9487 Y10.0577
G01 X1.9432 Y10.0551
G01 X1.9380 Y10.0525
G01 X1.9331 Y10.0500
G01 X1.9284 Y10.0476
G01 X1.9240 Y10.0453
G01 X1.9200 Y10.0431
G01 X1.9162 Y10.0410
G01 X1.9128 Y10.0390
G01 X1.9097 Y10.0372
G01 X1.9070 Y10.0355
G01 X1.9046 Y10.0340
G01 X1.9026 Y10.0326
G01 X1.9010 Y10.0313
G01 X1.8998 Y10.0303
G01 X1.8989 Y10.0294
G01 X1.8985 Y10.0287
G01 X1.8986 Y10.0282
G01 X1.8991 Y10.0279
G01 X1.9000 Y10.0278
G01 X1.9014 Y10.0279
G01 X1.9030 Y10.0281
G01 X1.9049 Y10.0285
G01 X1.9071 Y10.0290
G01 X1.9096 Y10.0296
G01 X1.9123 Y10.0304
G01 X1.9152 Y10.0313
G01 X1.9184 Y10.0323
G01 X1.9217 Y10.0335
G01 X1.9253 Y10.0347
G01 X1.9290 Y10.0361
G01 X1.9330 Y10.0375
G01 X1.9370 Y10.0391
G01 X1.9413 Y10.0407
G01 X1.9456 Y10.0424
G01 X1.9501 Y10.0442
G01 X1.9547 Y10.0461
G01 X1.9594 Y10.0480
G01 X1.9642 Y10.0500
G01 X1.9691 Y10.0520
G01 X1.9740 Y10.0541
G01 X1.9790 Y10.0563
G01 X1.9841 Y10.0584
G01 X1.9891 Y10.0607
G01 X1.9942 Y10.0629
G01 X1.9993 Y10.0652
G01 X2.0044 Y10.0674
G01 X2.0095 Y10.0697
G01 X2.0145 Y10.0720
G01 X2.0195 Y10.0743
G01 X2.0245 Y10.0766
G01 X2.0294 Y10.0789
G01 X2.0342 Y10.0812
G01 X2.0389 Y10.0834
G01 X2.0436 Y10.0857
G01 X2.0481 Y10.0879
G01 X2.0525 Y10.0900
G01 X2.0567 Y10.0921
G01 X2.0609 Y10.0942
G01 X2.0648 Y10.0962
G01 X2.0686 Y10.0982
G01 X2.0722 Y10.1001
G01 X2.0756 Y10.1019
G01 X2.0788 Y10.1037
G01 X2.0818 Y10.1054
G01 X2.0846 Y10.1070
G01 X2.0871 Y10.1085
G01 X2.0894 Y10.1099
G01 X2.0914 Y10.1112
G01 X2.0931 Y10.1124
G01 X2.0946 Y10.1135
G01 X2.0957 Y10.1145
G01 X2.0965 Y10.1153
G01 X2.0971 Y10.1161
G01 X2.0972 Y10.1167
G01 X2.0964 Y10.1222
G01 X2.0944 Y10.1236
G01 X2.0940 Y10.1234
G01 X2.0933 Y10.1231
G01 X2.0923 Y10.1226
G01 X2.0910 Y10.1221
G01 X2.0894 Y10.1214
G01 X2.0876 Y10.1206
G01 X2.0855 Y10.1196
G01 X2.0832 Y10.1186
G01 X2.0806 Y10.1175
G01 X2.0778 Y10.1163
G01 X2.0748 Y10.1149
G01 X2.0715 Y10.1135
G01 X2.0681 Y10.1120
G01 X2.0644 Y10.1104
G01 X2.0606 Y10.1087
G01 X2.0566 Y10.1069
G01 X2.0524 Y10.1050
G01 X2.0480 Y10.1031
G01 X2.0435 Y10.1011
G01 X2.0389 Y10.0990
G01 X2.0341 Y10.0969
G01 X2.0292 Y10.0947
G01 X2.0241 Y10.0924
G01 X2.0190 Y10.0901
G01 X2.0137 Y10.0877
G01 X2.0084 Y10.0852
G01 X2.0029 Y10.0827
G01 X1.9974 Y10.0802
G01 X1.9918 Y10.0776
G01 X1.9861 Y10.0750
G00 X1.8111 Y10.0389
G01 X1.8083 Y10.0359
G01 X1.8054 Y10.0329
G01 X1.8026 Y10.0299
G01 X1.7997 Y10.0268
G01 X1.7968 Y10.0238
G01 X1.7939 Y10.0207
G01 X1.7910 Y10.0176
G01 X1.7881 Y10.0144
G01 X1.7851 Y10.0113
G01 X1.7822 Y10.0081
G01 X1.7792 Y10.0049
G01 X1.7762 Y10.0018
G01 X1.7732 Y9.9986
G01 X1.7702 Y9.9953
G01 X1.7672 Y9.9921
G01 X1.7642 Y9.9889
G01 X1.7612 Y9.9856
G01 X1.7582 Y9.9824
G01 X1.7552 Y9.9791
G01 X1.7521 Y9.9758
G01 X1.7491 Y9.9725
G01 X1.7461 Y9.9693
G01 X1.7430 Y9.9660
G01 X1.7400 Y9.9627
G01 X1.7370 Y9.9594
G01 X1.7340 Y9.9561
G01 X1.7309 Y9.9528
G01 X1.7279 Y9.9495
G01 X1.7249 Y9.9462
G01 X1.7219 Y9.9429
G01 X1.7189 Y9.9397
G01 X1.7159 Y9.9364
G01 X1.7129 Y9.9331
G01 X1.7100 Y9.9298
G01 X1.7070 Y9.9266
G01 X1.7040 Y9.9233
G01 X1.7011 Y9.9201
G01 X1.6982 Y9.9168
G01 X1.6953 Y9.9136
G01 X1.6924 Y9.9104
G01 X1.6895 Y9.9072
G01 X1.6866 Y9.9040
G01 X1.6838 Y9.9009
G01 X1.6809 Y9.8977
G01 X1.6781 Y9.8946
G01 X1.6753 Y9.8915
G01 X1.6726 Y9.8884
G01 X1.6698 Y9.8853
G01 X1.6671 Y9.8822
G01 X1.6644 Y9.8792
G01 X1.6617 Y9.8762
G01 X1.6591 Y9.8732
G01 X1.6564 Y9.8702
G01 X1.6538 Y9.8673
G01 X1.6513 Y9.8644
G01 X1.6487 Y9.8615
G01 X1.6462 Y9.8586
G01 X1.6437 Y9.8558
G01 X1.6413 Y9.8530
G01 X1.6388 Y9.8502
G01 X1.6365 Y9.8475
G01 X1.6341 Y9.8448
G01 X1.6318 Y9.8421
G01 X1.6295 Y9.8395
G01 X1.6273 Y9.8369
G01 X1.6251 Y9.8343
G01 X1.6229 Y9.8318
G01 X1.6208 Y9.8293
G01 X1.6187 Y9.8268
G01 X1.6166 Y9.8244
G01 X1.6146 Y9.8221
G01 X1.6127 Y9.8197
G01 X1.6107 Y9.8175
G01 X1.6089 Y9.8152
G01 X1.6070 Y9.8130
G01 X1.6053 Y9.8109
G01 X1.6035 Y9.8088
G01 X1.6018 Y9.8067
G01 X1.6002 Y9.8047
G01 X1.5986 Y9.8028
G01 X1.5945 Y9.7975
G01 X1.5903 Y9.7924
G01 X1.5863 Y9.7874
G01 X1.5822 Y9.7825
G01 X1.5783 Y9.7777
G01 X1.5744 Y9.7730
G01 X1.5705 Y9.7685
G01 X1.5667 Y9.7641
G01 X1.5631 Y9.7598
G01 X1.5595 Y9.7557
G01 X1.5560 Y9.7518
G01 X1.5526 Y9.7480
G01 X1.5493 Y9.7444
G01 X1.5461 Y9.7409
G01 X1.5431 Y9.7377
G01 X1.5401 Y9.7346
G01 X1.5374 Y9.7317
G01 X1.5347 Y9.7291
G01 X1.5322 Y9.7266
G01 X1.5299 Y9.7244
G01 X1.5277 Y9.7224
G01 X1.5257 Y9.7206
G01 X1.5239 Y9.7190
G01 X1.5223 Y9.7177
G01 X1.5208 Y9.7166
G01 X1.5196 Y9.7158
G01 X1.5185 Y9.7153
G01 X1.5177 Y9.7150
G01 X1.5171 Y9.7150
G01 X1.5167 Y9.7153
G01 X1.5164 Y9.7156
G01 X1.5162 Y9.7161
G01 X1.5161 Y9.7167
G01 X1.5161 Y9.7173
G01 X1.5162 Y9.7181
G01 X1.5164 Y9.7189
G01 X1.5167 Y9.7199
G01 X1.5170 Y9.7209
G01 X1.5175 Y9.7220
G01 X1.5181 Y9.7232
G01 X1.5187 Y9.7246
G01 X1.5194 Y9.7259
G01 X1.5202 Y9.7274
G01 X1.5211 Y9.7290
G01 X1.5221 Y9.7306
G01 X1.5232 Y9.7324
G01 X1.5243 Y9.7342
G01 X1.5255 Y9.7360
G01 X1.5268 Y9.7380
G01 X1.5282 Y9.7401
G01 X1.5297 Y9.7422
G01 X1.5312 Y9.7444
G01 X1.5328 Y9.7466
G01 X1.5344 Y9.7490
G01 X1.5362 Y9.7514
G01 X1.5380 Y9.7538
G01 X1.5399 Y9.7564
G01 X1.5418 Y9.7590
G01 X1.5439 Y9.7617
G01 X1.5459 Y9.7644
G01 X1.5481 Y9.7672
G01 X1.5503 Y9.7701
G01 X1.5526 Y9.7730
G01 X1.5549 Y9.7760
G01 X1.5573 Y9.7790
G01 X1.5598 Y9.7821
G01 X1.5623 Y9.7852
G01 X1.5648 Y9.7884
G01 X1.5674 Y9.7917
G01 X1.5701 Y9.7950
G01 X1.5728 Y9.7984
G01 X1.5756 Y9.8018
G01 X1.5784 Y9.8052
G01 X1.5813 Y9.8087
G01 X1.5843 Y9.8123
G01 X1.5872 Y9.8158
G01 X1.5902 Y9.8195
G01 X1.5933 Y9.8231
G01 X1.5964 Y9.8268
G01 X1.5996 Y9.8306
G01 X1.6027 Y9.8344
G01 X1.6060 Y9.8382
G01 X1.6092 Y9.8420
G01 X1.6125 Y9.8459
G01 X1.6159 Y9.8498
G01 X1.6193 Y9.8538
G01 X1.6227 Y9.8577
G01 X1.6261 Y9.8617
G01 X1.6296 Y9.8658
G01 X1.6331 Y9.8698
G01 X1.6366 Y9.8739
G01 X1.6402 Y9.8780
G01 X1.6438 Y9.8821
G01 X1.6474 Y9.8863
G01 X1.6510 Y9.8904
G01 X1.6547 Y9.8946
G01 X1.6584 Y9.8988
G01 X1.6621 Y9.9030
G01 X1.6658 Y9.9072
G01 X1.6696 Y9.9114
G01 X1.6733 Y9.9157
G01 X1.6771 Y9.9199
G01 X1.6809 Y9.9242
G01 X1.6847 Y9.9285
G01 X1.6885 Y9.9327
G01 X1.6924 Y9.9370
G01 X1.6962 Y9.9413
G01 X1.7001 Y9.9456
G01 X1.7039 Y9.9499
G01 X1.7078 Y9.9542
G01 X1.7117 Y9.9584
G01 X1.7156 Y9.9627
G01 X1.7195 Y9.9670
G01 X1.7233 Y9.9713
G01 X1.7272 Y9.9755
G01 X1.7311 Y9.9798
G01 X1.7350 Y9.9840
G01 X1.7389 Y9.9883
G01 X1.7428 Y9.9925
G01 X1.7467 Y9.9967
G01 X1.7505 Y10.0009
G01 X1.7544 Y10.0051
G01 X1.7583 Y10.0092
G01 X1.7621 Y10.0134
G01 X1.7659 Y10.0175
G01 X1.7698 Y10.0216
G01 X1.7736 Y10.0257
G01 X1.7774 Y10.0297
G01 X1.7812 Y10.0337
G01 X1.7849 Y10.0377
G01 X1.7887 Y10.0417
G01 X1.7924 Y10.0456
G01 X1.7961 Y10.0496
G01 X1.7998 Y10.0534
G01 X1.8035 Y10.0573
G01 X1.8071 Y10.0611
G01 X1.8108 Y10.0649
G01 X1.8144 Y10.0686
G01 X1.8179 Y10.0723
G01 X1.8215 Y10.0760
G01 X1.8250 Y10.0796
G01 X1.8285 Y10.0832
G01 X1.8319 Y10.0867
G01 X1.8354 Y10.0902
G01 X1.8388 Y10.0937
G01 X1.8421 Y10.0971
G01 X1.8454 Y10.1004
G01 X1.8487 Y10.1037
G01 X1.8519 Y10.1070
G01 X1.8551 Y10.1102
G01 X1.8583 Y10.1133
G01 X1.8614 Y10.1164
G01 X1.8645 Y10.1195
G01 X1.8675 Y10.1225
G01 X1.8705 Y10.1254
G01 X1.8735 Y10.1282
G01 X1.8764 Y10.1310
G01 X1.8792 Y10.1338
G01 X1.8820 Y10.1364
G01 X1.8847 Y10.1390
G01 X1.8874 Y10.1416
G01 X1.8901 Y10.1441
G01 X1.8927 Y10.1465
G01 X1.8952 Y10.1488
G01 X1.8976 Y10.1511
G01 X1.9001 Y10.1532
G01 X1.9024 Y10.1554
G01 X1.9047 Y10.1574
G01 X1.9069 Y10.1594
G01 X1.9091 Y10.1612
G01 X1.9112 Y10.1631
G01 X1.9133 Y10.1648
G01 X1.9152 Y10.1664
G01 X1.9171 Y10.1680
G01 X1.9190 Y10.1695
G01 X1.9207 Y10.1708
G01 X1.9224 Y10.1721
G01 X1.9241 Y10.1734
G01 X1.9256 Y10.1745
G01 X1.9271 Y10.1755
G01 X1.9285 Y10.1765
G01 X1.9298 Y10.1773
G01 X1.9311 Y10.1781
G01 X1.9322 Y10.1787
G01 X1.9333 Y10.1793
G01 X1.9343 Y10.1797
G01 X1.9352 Y10.1801
G01 X1.9361 Y10.1803
G01 X1.9368 Y10.1805
G01 X1.9375 Y10.1806
G01 X1.9378 Y10.1805
G01 X1.9379 Y10.1802
G01 X1.9378 Y10.1798
G01 X1.9376 Y10.1793
G01 X1.9373 Y10.1785
G01 X1.9368 Y10.1777
G01 X1.9362 Y10.1766
G01 X1.9354 Y10.1755
G01 X1.9344 Y10.1741
G01 X1.9334 Y10.1727
G01 X1.9322 Y10.1711
G01 X1.9308 Y10.1694
G01 X1.9294 Y10.1675
G01 X1.9278 Y10.1655
G01 X1.9260 Y10.1634
G01 X1.9242 Y10.1611
G01 X1.9222 Y10.1587
G01 X1.9201 Y10.1562
G01 X1.9179 Y10.1536
G01 X1.9155 Y10.1509
G01 X1.9131 Y10.1481
G01 X1.9105 Y10.1451
G01 X1.9078 Y10.1420
G01 X1.9050 Y10.1389
G01 X1.9021 Y10.1356
G01 X1.8991 Y10.1323
G01 X1.8960 Y10.1288
G01 X1.8928 Y10.1253
G01 X1.8895 Y10.1216
G01 X1.8861 Y10.1179
G01 X1.8826 Y10.1141
G01 X1.8791 Y10.1102
G01 X1.8754 Y10.1062
G01 X1.8716 Y10.1022
G01 X1.8678 Y10.0980
G01 X1.8639 Y10.0938
G01 X1.8599 Y10.0896
G01 X1.8558 Y10.0852
G01 X1.8516 Y10.0808
G01 X1.8474 Y10.0764
G01 X1.8431 Y10.0719
G01 X1.8387 Y10.0673
G01 X1.8343 Y10.0627
G01 X1.8298 Y10.0580
G01 X1.8252 Y10.0533
G01 X1.8205 Y10.0485
G01 X1.8159 Y10.0437
G01 X1.8111 Y10.0389
G00 X1.7972 Y10.1444
G01 X1.7949 Y10.1385
G01 X1.7927 Y10.1328
G01 X1.7907 Y10.1272
G01 X1.7888 Y10.1218
G01 X1.7872 Y10.1166
G01 X1.7857 Y10.1118
G01 X1.7844 Y10.1073
G01 X1.7833 Y10.1032
G01 X1.7824 Y10.0995
G01 X1.7818 Y10.0963
G01 X1.7814 Y10.0935
G01 X1.7813 Y10.0914
G01 X1.7815 Y10.0898
G01 X1.7819 Y10.0889
G01 X1.7827 Y10.0887
G01 X1.7837 Y10.0892
G01 X1.7850 Y10.0904
G01 X1.7865 Y10.0922
G01 X1.7882 Y10.0947
G01 X1.7901 Y10.0978
G01 X1.7922 Y10.1014
G01 X1.7944 Y10.1055
G01 X1.7968 Y10.1101
G01 X1.7992 Y10.1151
G01 X1.8018 Y10.1206
G01 X1.8044 Y10.1264
G01 X1.8070 Y10.1325
G01 X1.8097 Y10.1389
G01 X1.8124 Y10.1461
G01 X1.8148 Y10.1528
G01 X1.8170 Y10.1590
G01 X1.8189 Y10.1646
G01 X1.8205 Y10.1698
G01 X1.8219 Y10.1745
G01 X1.8230 Y10.1786
G01 X1.8239 Y10.1823
G01 X1.8245 Y10.1854
G01 X1.8249 Y10.1880
G01 X1.8251 Y10.1901
G01 X1.8251 Y10.1917
G01 X1.8248 Y10.1927
G01 X1.8243 Y10.1932
G01 X1.8236 Y10.1932
G01 X1.8227 Y10.1927
G01 X1.8216 Y10.1916
G01 X1.8203 Y10.1900
G01 X1.8188 Y10.1879
G01 X1.8171 Y10.1853
G01 X1.8152 Y10.1821
G01 X1.8131 Y10.1783
G01 X1.8109 Y10.1740
G01 X1.8085 Y10.1692
G01 X1.8059 Y10.1638
G01 X1.8032 Y10.1579
G01 X1.8003 Y10.1515
G01 X1.7972 Y10.1444
G00 X1.9153 Y10.3222
G01 X1.9109 Y10.3167
G01 X1.9066 Y10.3113
G01 X1.9024 Y10.3059
G01 X1.8982 Y10.3005
G01 X1.8940 Y10.2952
G01 X1.8900 Y10.2900
G01 X1.8860 Y10.2848
G01 X1.8822 Y10.2797
G01 X1.8784 Y10.2747
G01 X1.8747 Y10.2698
G01 X1.8711 Y10.2650
G01 X1.8677 Y10.2603
G01 X1.8643 Y10.2557
G01 X1.8611 Y10.2513
G01 X1.8580 Y10.2470
G01 X1.8551 Y10.2428
G01 X1.8522 Y10.2389
G01 X1.8496 Y10.2351
G01 X1.8470 Y10.2314
G01 X1.8447 Y10.2280
G01 X1.8425 Y10.2247
G01 X1.8405 Y10.2217
G01 X1.8386 Y10.2189
G01 X1.8370 Y10.2163
G01 X1.8355 Y10.2139
G01 X1.8342 Y10.2118
G01 X1.8331 Y10.2099
G01 X1.8322 Y10.2083
G01 X1.8316 Y10.2069
G01 X1.8311 Y10.2059
G01 X1.8309 Y10.2051
G01 X1.8309 Y10.2046
G01 X1.8312 Y10.2044
G01 X1.8316 Y10.2045
G01 X1.8324 Y10.2050
G01 X1.8334 Y10.2057
G01 X1.8346 Y10.2069
G01 X1.8361 Y10.2083
G01 X1.8369 Y10.2091
G01 X1.8379 Y10.2101
G01 X1.8391 Y10.2114
G01 X1.8405 Y10.2129
G01 X1.8420 Y10.2146
G01 X1.8437 Y10.2165
G01 X1.8455 Y10.2185
G01 X1.8475 Y10.2208
G01 X1.8496 Y10.2233
G01 X1.8518 Y10.2259
G01 X1.8541 Y10.2287
G01 X1.8566 Y10.2317
G01 X1.8592 Y10.2348
G01 X1.8619 Y10.2380
G01 X1.8646 Y10.2414
G01 X1.8675 Y10.2449
G01 X1.8704 Y10.2485
G01 X1.8735 Y10.2522
G01 X1.8765 Y10.2560
G01 X1.8797 Y10.2599
G01 X1.8829 Y10.2638
G01 X1.8861 Y10.2678
G01 X1.8894 Y10.2719
G01 X1.8928 Y10.2761
G01 X1.8961 Y10.2803
G01 X1.8995 Y10.2845
G01 X1.9029 Y10.2887
G01 X1.9063 Y10.2930
G01 X1.9097 Y10.2973
G01 X1.9131 Y10.3016
G01 X1.9165 Y10.3058
G01 X1.9198 Y10.3101
G01 X1.9232 Y10.3143
G01 X1.9265 Y10.3185
G01 X1.9297 Y10.3227
G01 X1.9329 Y10.3268
G01 X1.9361 Y10.3308
G01 X1.9392 Y10.3348
G01 X1.9422 Y10.3387
G01 X1.9452 Y10.3425
G01 X1.9481 Y10.3462
G01 X1.9509 Y10.3498
G01 X1.9536 Y10.3533
G01 X1.9562 Y10.3567
G01 X1.9587 Y10.3600
G01 X1.9610 Y10.3631
G01 X1.9633 Y10.3661
G01 X1.9654 Y10.3689
G01 X1.9674 Y10.3716
G01 X1.9693 Y10.3741
G01 X1.9710 Y10.3764
G01 X1.9726 Y10.3786
G01 X1.9740 Y10.3805
G01 X1.9752 Y10.3822
G01 X1.9762 Y10.3837
G01 X1.9771 Y10.3850
G01 X1.9778 Y10.3861
G01 X1.9797 Y10.3894
G01 X1.9814 Y10.3924
G01 X1.9828 Y10.3950
G01 X1.9840 Y10.3973
G01 X1.9849 Y10.3992
G01 X1.9855 Y10.4007
G01 X1.9859 Y10.4019
G01 X1.9860 Y10.4027
G01 X1.9858 Y10.4032
G01 X1.9854 Y10.4033
G01 X1.9848 Y10.4031
G01 X1.9839 Y10.4025
G01 X1.9827 Y10.4016
G01 X1.9813 Y10.4004
G01 X1.9797 Y10.3988
G01 X1.9778 Y10.3969
G01 X1.9756 Y10.3946
G01 X1.9733 Y10.3920
G01 X1.9706 Y10.3891
G01 X1.9678 Y10.3859
G01 X1.9647 Y10.3823
G01 X1.9613 Y10.3784
G01 X1.9578 Y10.3742
G01 X1.9539 Y10.3697
G01 X1.9499 Y10.3649
G01 X1.9456 Y10.3597
G01 X1.9411 Y10.3542
G01 X1.9364 Y10.3484
G01 X1.9315 Y10.3423
G01 X1.9263 Y10.3359
G01 X1.9209 Y10.3292
G01 X1.9153 Y10.3222
G00 X1.5653 Y10.1875
G01 X1.5620 Y10.1805
G01 X1.5589 Y10.1740
G01 X1.5562 Y10.1678
G01 X1.5537 Y10.1621
G01 X1.5514 Y10.1569
G01 X1.5495 Y10.1520
G01 X1.5478 Y10.1476
G01 X1.5463 Y10.1437
G01 X1.5451 Y10.1402
G01 X1.5442 Y10.1372
G01 X1.5435 Y10.1346
G01 X1.5431 Y10.1324
G01 X1.5429 Y10.1308
G01 X1.5429 Y10.1296
G01 X1.5432 Y10.1289
G01 X1.5438 Y10.1286
G01 X1.5445 Y10.1289
G01 X1.5455 Y10.1296
G01 X1.5467 Y10.1308
G01 X1.5482 Y10.1325
G01 X1.5498 Y10.1347
G01 X1.5517 Y10.1374
G01 X1.5538 Y10.1407
G01 X1.5561 Y10.1444
G01 X1.5587 Y10.1486
G01 X1.5614 Y10.1534
G01 X1.5643 Y10.1587
G01 X1.5675 Y10.1645
G01 X1.5708 Y10.1708
G01 X1.5736 Y10.1765
G01 X1.5763 Y10.1821
G01 X1.5789 Y10.1875
G01 X1.5814 Y10.1927
G01 X1.5836 Y10.1977
G01 X1.5858 Y10.2024
G01 X1.5877 Y10.2069
G01 X1.5894 Y10.2111
G01 X1.5909 Y10.2150
G01 X1.5922 Y10.2185
G01 X1.5933 Y10.2216
G01 X1.5941 Y10.2243
G01 X1.5946 Y10.2266
G01 X1.5949 Y10.2284
G01 X1.5948 Y10.2298
G01 X1.5944 Y10.2306
G01 X1.5933 Y10.2308
G01 X1.5920 Y10.2303
G01 X1.5903 Y10.2291
G01 X1.5885 Y10.2273
G01 X1.5864 Y10.2248
G01 X1.5842 Y10.2217
G01 X1.5818 Y10.2181
G01 X1.5792 Y10.2140
G01 X1.5766 Y10.2094
G01 X1.5738 Y10.2045
G01 X1.5710 Y10.1991
G01 X1.5682 Y10.1935
G01 X1.5653 Y10.1875
G00 X1.5222 Y10.0903
G01 X1.5198 Y10.0830
G01 X1.5178 Y10.0765
G01 X1.5163 Y10.0710
G01 X1.5152 Y10.0663
G01 X1.5146 Y10.0626
G01 X1.5145 Y10.0598
G01 X1.5148 Y10.0580
G01 X1.5155 Y10.0571
G01 X1.5167 Y10.0573
G01 X1.5183 Y10.0585
G01 X1.5204 Y10.0606
G01 X1.5229 Y10.0639
G01 X1.5258 Y10.0682
G01 X1.5292 Y10.0736
G01 X1.5321 Y10.0789
G01 X1.5346 Y10.0841
G01 X1.5366 Y10.0891
G01 X1.5380 Y10.0938
G01 X1.5389 Y10.0979
G01 X1.5391 Y10.1013
G01 X1.5387 Y10.1040
G01 X1.5375 Y10.1056
G01 X1.5358 Y10.1067
G01 X1.5335 Y10.1062
G01 X1.5309 Y10.1042
G01 X1.5280 Y10.1007
G01 X1.5251 Y10.0960
G01 X1.5222 Y10.0903
G00 X1.4736 Y9.9278
G01 X1.4731 Y9.9250
G01 X1.4725 Y9.9222
G01 X1.4719 Y9.9192
G01 X1.4714 Y9.9162
G01 X1.4708 Y9.9130
G01 X1.4702 Y9.9097
G01 X1.4696 Y9.9064
G01 X1.4691 Y9.9030
G01 X1.4685 Y9.8994
G01 X1.4679 Y9.8958
G01 X1.4673 Y9.8922
G01 X1.4668 Y9.8884
G01 X1.4662 Y9.8846
G01 X1.4656 Y9.8807
G01 X1.4650 Y9.8768
G01 X1.4644 Y9.8728
G01 X1.4639 Y9.8688
G01 X1.4633 Y9.8647
G01 X1.4627 Y9.8606
G01 X1.4622 Y9.8564
G01 X1.4616 Y9.8522
G01 X1.4610 Y9.8480
G01 X1.4605 Y9.8437
G01 X1.4599 Y9.8394
G01 X1.4594 Y9.8351
G01 X1.4588 Y9.8308
G01 X1.4583 Y9.8265
G01 X1.4578 Y9.8221
G01 X1.4573 Y9.8178
G01 X1.4567 Y9.8135
G01 X1.4562 Y9.8091
G01 X1.4557 Y9.8048
G01 X1.4552 Y9.8005
G01 X1.4547 Y9.7962
G01 X1.4543 Y9.7920
G01 X1.4538 Y9.7877
G01 X1.4533 Y9.7835
G01 X1.4529 Y9.7793
G01 X1.4524 Y9.7752
G01 X1.4520 Y9.7711
G01 X1.4516 Y9.7671
G01 X1.4512 Y9.7631
G01 X1.4508 Y9.7591
G01 X1.4504 Y9.7552
G01 X1.4500 Y9.7514
G01 X1.4403 Y9.6486
G01 X1.3292 Y9.5083
G01 X1.3266 Y9.5052
G01 X1.3241 Y9.5020
G01 X1.3216 Y9.4988
G01 X1.3190 Y9.4955
G01 X1.3164 Y9.4923
G01 X1.3138 Y9.4890
G01 X1.3112 Y9.4856
G01 X1.3086 Y9.4823
G01 X1.3060 Y9.4789
G01 X1.3033 Y9.4755
G01 X1.3007 Y9.4720
G01 X1.2980 Y9.4686
G01 X1.2953 Y9.4651
G01 X1.2926 Y9.4616
G01 X1.2899 Y9.4580
G01 X1.2872 Y9.4545
G01 X1.2845 Y9.4509
G01 X1.2818 Y9.4473
G01 X1.2790 Y9.4437
G01 X1.2763 Y9.4400
G01 X1.2735 Y9.4363
G01 X1.2707 Y9.4326
G01 X1.2679 Y9.4289
G01 X1.2651 Y9.4251
G01 X1.2623 Y9.4214
G01 X1.2595 Y9.4176
G01 X1.2567 Y9.4138
G01 X1.2539 Y9.4100
G01 X1.2510 Y9.4061
G01 X1.2482 Y9.4023
G01 X1.2453 Y9.3984
G01 X1.2425 Y9.3945
G01 X1.2396 Y9.3906
G01 X1.2367 Y9.3866
G01 X1.2338 Y9.3827
G01 X1.2309 Y9.3787
G01 X1.2281 Y9.3747
G01 X1.2252 Y9.3707
G01 X1.2223 Y9.3667
G01 X1.2193 Y9.3627
G01 X1.2164 Y9.3586
G01 X1.2135 Y9.3546
G01 X1.2106 Y9.3505
G01 X1.2077 Y9.3464
G01 X1.2047 Y9.3423
G01 X1.2018 Y9.3382
G01 X1.1989 Y9.3341
G01 X1.1959 Y9.3299
G01 X1.1930 Y9.3258
G01 X1.1900 Y9.3216
G01 X1.1871 Y9.3174
G01 X1.1841 Y9.3133
G01 X1.1812 Y9.3091
G01 X1.1782 Y9.3049
G01 X1.1753 Y9.3007
G01 X1.1723 Y9.2964
G01 X1.1693 Y9.2922
G01 X1.1664 Y9.2880
G01 X1.1634 Y9.2837
G01 X1.1605 Y9.2795
G01 X1.1575 Y9.2752
G01 X1.1546 Y9.2710
G01 X1.1516 Y9.2667
G01 X1.1486 Y9.2624
G01 X1.1457 Y9.2582
G01 X1.1427 Y9.2539
G01 X1.1398 Y9.2496
G01 X1.1368 Y9.2453
G01 X1.1339 Y9.2410
G01 X1.1309 Y9.2367
G01 X1.1280 Y9.2324
G01 X1.1251 Y9.2281
G01 X1.1221 Y9.2238
G01 X1.1192 Y9.2195
G01 X1.1163 Y9.2152
G01 X1.1133 Y9.2109
G01 X1.1104 Y9.2066
G01 X1.1075 Y9.2023
G01 X1.1046 Y9.1980
G01 X1.1017 Y9.1937
G01 X1.0988 Y9.1894
G01 X1.0959 Y9.1851
G01 X1.0930 Y9.1808
G01 X1.0901 Y9.1765
G01 X1.0872 Y9.1722
G01 X1.0844 Y9.1679
G01 X1.0815 Y9.1636
G01 X1.0786 Y9.1593
G01 X1.0758 Y9.1550
G01 X1.0730 Y9.1508
G01 X1.0701 Y9.1465
G01 X1.0673 Y9.1422
G01 X1.0645 Y9.1380
G01 X1.0617 Y9.1337
G01 X1.0589 Y9.1295
G01 X1.0561 Y9.1252
G01 X1.0533 Y9.1210
G01 X1.0505 Y9.1168
G01 X1.0478 Y9.1126
G01 X1.0450 Y9.1084
G01 X1.0423 Y9.1042
G01 X1.0396 Y9.1000
G01 X1.0368 Y9.0958
G01 X1.0341 Y9.0916
G01 X1.0314 Y9.0875
G01 X1.0287 Y9.0833
G01 X1.0261 Y9.0792
G01 X1.0234 Y9.0751
G01 X1.0208 Y9.0710
G01 X1.0181 Y9.0669
G01 X1.0155 Y9.0628
G01 X1.0129 Y9.0587
G01 X1.0103 Y9.0547
G01 X1.0077 Y9.0506
G01 X1.0052 Y9.0466
G01 X1.0026 Y9.0426
G01 X1.0001 Y9.0386
G01 X0.9975 Y9.0346
G01 X0.9950 Y9.0307
G01 X0.9925 Y9.0267
G01 X0.9901 Y9.0228
G01 X0.9876 Y9.0189
G01 X0.9851 Y9.0150
G01 X0.9827 Y9.0111
G01 X0.9803 Y9.0072
G01 X0.9779 Y9.0034
G01 X0.9755 Y8.9996
G01 X0.9732 Y8.9958
G01 X0.9708 Y8.9920
G01 X0.9685 Y8.9883
G01 X0.9662 Y8.9845
G01 X0.9639 Y8.9808
G01 X0.9616 Y8.9771
G01 X0.9594 Y8.9734
G01 X0.9571 Y8.9698
G01 X0.9549 Y8.9662
G01 X0.9527 Y8.9626
G01 X0.9506 Y8.9590
G01 X0.9484 Y8.9554
G01 X0.9463 Y8.9519
G01 X0.9441 Y8.9484
G01 X0.9421 Y8.9449
G01 X0.9400 Y8.9415
G01 X0.9379 Y8.9380
G01 X0.9359 Y8.9346
G01 X0.9339 Y8.9313
G01 X0.9319 Y8.9279
G01 X0.9300 Y8.9246
G01 X0.9280 Y8.9213
G01 X0.9261 Y8.9181
G01 X0.9242 Y8.9148
G01 X0.9223 Y8.9116
G01 X0.9205 Y8.9085
G01 X0.9187 Y8.9053
G01 X0.9169 Y8.9022
G01 X0.9151 Y8.8991
G01 X0.9133 Y8.8961
G01 X0.9116 Y8.8931
G01 X0.9099 Y8.8901
G01 X0.9083 Y8.8871
G01 X0.9066 Y8.8842
G01 X0.9050 Y8.8813
G01 X0.9034 Y8.8785
G01 X0.9018 Y8.8756
G01 X0.9003 Y8.8728
G01 X0.8988 Y8.8701
G01 X0.8973 Y8.8674
G01 X0.8958 Y8.8647
G01 X0.8944 Y8.8621
G01 X0.8930 Y8.8595
G01 X0.8916 Y8.8569
G01 X0.8903 Y8.8544
G01 X0.8889 Y8.8519
G01 X0.8877 Y8.8494
G01 X0.8864 Y8.8470
G01 X0.8852 Y8.8446
G01 X0.8840 Y8.8423
G01 X0.8828 Y8.8400
G01 X0.8817 Y8.8377
G01 X0.8805 Y8.8355
G01 X0.8795 Y8.8333
G01 X0.8784 Y8.8312
G01 X0.8774 Y8.8291
G01 X0.8764 Y8.8270
G01 X0.8755 Y8.8250
G01 X0.8745 Y8.8230
G01 X0.8737 Y8.8211
G01 X0.8728 Y8.8192
G01 X0.8720 Y8.8174
G01 X0.8712 Y8.8156
G01 X0.8704 Y8.8139
G01 X0.8697 Y8.8122
G01 X0.8690 Y8.8105
G01 X0.8684 Y8.8089
G01 X0.8678 Y8.8073
G01 X0.8672 Y8.8058
G01 X0.8666 Y8.8043
G01 X0.8661 Y8.8029
G01 X0.8656 Y8.8015
G01 X0.8652 Y8.8002
G01 X0.8648 Y8.7989
G01 X0.8644 Y8.7977
G01 X0.8641 Y8.7965
G01 X0.8638 Y8.7954
G01 X0.8635 Y8.7943
G01 X0.8633 Y8.7933
G01 X0.8631 Y8.7923
G01 X0.8630 Y8.7914
G01 X0.8628 Y8.7905
G01 X0.8628 Y8.7897
G01 X0.8627 Y8.7889
G01 X0.8627 Y8.7882
G01 X0.8628 Y8.7875
G01 X0.8629 Y8.7869
G01 X0.8630 Y8.7864
G01 X0.8632 Y8.7859
G01 X0.8634 Y8.7854
G01 X0.8636 Y8.7851
G01 X0.8639 Y8.7847
G01 X0.8642 Y8.7846
G01 X0.8647 Y8.7848
G01 X0.8653 Y8.7852
G01 X0.8660 Y8.7859
G01 X0.8669 Y8.7869
G01 X0.8680 Y8.7881
G01 X0.8691 Y8.7896
G01 X0.8704 Y8.7913
G01 X0.8718 Y8.7932
G01 X0.8733 Y8.7953
G01 X0.8749 Y8.7977
G01 X0.8767 Y8.8003
G01 X0.8785 Y8.8031
G01 X0.8805 Y8.8061
G01 X0.8826 Y8.8093
G01 X0.8847 Y8.8127
G01 X0.8870 Y8.8163
G01 X0.8893 Y8.8201
G01 X0.8918 Y8.8240
G01 X0.8943 Y8.8281
G01 X0.8969 Y8.8324
G01 X0.8995 Y8.8368
G01 X0.9023 Y8.8414
G01 X0.9051 Y8.8461
G01 X0.9079 Y8.8510
G01 X0.9109 Y8.8560
G01 X0.9139 Y8.8611
G01 X0.9169 Y8.8663
G01 X0.9200 Y8.8717
G01 X0.9231 Y8.8772
G01 X0.9263 Y8.8827
G01 X0.9296 Y8.8884
G01 X0.9328 Y8.8942
G01 X0.9361 Y8.9000
G01 X0.9378 Y8.9030
G01 X0.9396 Y8.9061
G01 X0.9413 Y8.9091
G01 X0.9431 Y8.9123
G01 X0.9450 Y8.9154
G01 X0.9468 Y8.9186
G01 X0.9487 Y8.9218
G01 X0.9506 Y8.9250
G01 X0.9525 Y8.9283
G01 X0.9545 Y8.9316
G01 X0.9564 Y8.9349
G01 X0.9584 Y8.9383
G01 X0.9605 Y8.9417
G01 X0.9625 Y8.9451
G01 X0.9646 Y8.9486
G01 X0.9667 Y8.9520
G01 X0.9688 Y8.9555
G01 X0.9709 Y8.9591
G01 X0.9731 Y8.9626
G01 X0.9753 Y8.9662
G01 X0.9775 Y8.9698
G01 X0.9797 Y8.9734
G01 X0.9820 Y8.9771
G01 X0.9842 Y8.9808
G01 X0.9865 Y8.9845
G01 X0.9888 Y8.9882
G01 X0.9912 Y8.9920
G01 X0.9935 Y8.9957
G01 X0.9959 Y8.9995
G01 X0.9983 Y9.0034
G01 X1.0007 Y9.0072
G01 X1.0031 Y9.0111
G01 X1.0056 Y9.0150
G01 X1.0081 Y9.0189
G01 X1.0105 Y9.0228
G01 X1.0130 Y9.0267
G01 X1.0156 Y9.0307
G01 X1.0181 Y9.0347
G01 X1.0206 Y9.0387
G01 X1.0232 Y9.0427
G01 X1.0258 Y9.0467
G01 X1.0284 Y9.0507
G01 X1.0310 Y9.0548
G01 X1.0336 Y9.0589
G01 X1.0363 Y9.0630
G01 X1.0389 Y9.0671
G01 X1.0416 Y9.0712
G01 X1.0443 Y9.0754
G01 X1.0470 Y9.0795
G01 X1.0497 Y9.0837
G01 X1.0524 Y9.0879
G01 X1.0552 Y9.0921
G01 X1.0579 Y9.0963
G01 X1.0607 Y9.1005
G01 X1.0635 Y9.1047
G01 X1.0662 Y9.1089
G01 X1.0690 Y9.1132
G01 X1.0718 Y9.1175
G01 X1.0747 Y9.1217
G01 X1.0775 Y9.1260
G01 X1.0803 Y9.1303
G01 X1.0832 Y9.1346
G01 X1.0860 Y9.1389
G01 X1.0889 Y9.1432
G01 X1.0918 Y9.1475
G01 X1.0946 Y9.1518
G01 X1.0975 Y9.1562
G01 X1.1004 Y9.1605
G01 X1.1033 Y9.1648
G01 X1.1063 Y9.1692
G01 X1.1092 Y9.1735
G01 X1.1121 Y9.1779
G01 X1.1150 Y9.1822
G01 X1.1180 Y9.1866
G01 X1.1209 Y9.1910
G01 X1.1239 Y9.1953
G01 X1.1268 Y9.1997
G01 X1.1298 Y9.2041
G01 X1.1327 Y9.2084
G01 X1.1357 Y9.2128
G01 X1.1387 Y9.2172
G01 X1.1417 Y9.2215
G01 X1.1446 Y9.2259
G01 X1.1476 Y9.2303
G01 X1.1506 Y9.2346
G01 X1.1536 Y9.2390
G01 X1.1566 Y9.2434
G01 X1.1596 Y9.2477
G01 X1.1626 Y9.2521
G01 X1.1656 Y9.2564
G01 X1.1686 Y9.2608
G01 X1.1716 Y9.2651
G01 X1.1745 Y9.2695
G01 X1.1775 Y9.2738
G01 X1.1805 Y9.2781
G01 X1.1835 Y9.2824
G01 X1.1865 Y9.2868
G01 X1.1895 Y9.2911
G01 X1.1925 Y9.2954
G01 X1.1955 Y9.2997
G01 X1.1985 Y9.3039
G01 X1.2015 Y9.3082
G01 X1.2044 Y9.3125
G01 X1.2074 Y9.3167
G01 X1.2104 Y9.3210
G01 X1.2134 Y9.3252
G01 X1.2163 Y9.3294
G01 X1.2193 Y9.3337
G01 X1.2223 Y9.3379
G01 X1.2252 Y9.3421
G01 X1.2282 Y9.3462
G01 X1.2311 Y9.3504
G01 X1.2340 Y9.3545
G01 X1.2370 Y9.3587
G01 X1.2399 Y9.3628
G01 X1.2428 Y9.3669
G01 X1.2457 Y9.3710
G01 X1.2486 Y9.3751
G01 X1.2515 Y9.3791
G01 X1.2544 Y9.3832
G01 X1.2573 Y9.3872
G01 X1.2602 Y9.3912
G01 X1.2630 Y9.3952
G01 X1.2659 Y9.3992
G01 X1.2687 Y9.4032
G01 X1.2716 Y9.4071
G01 X1.2744 Y9.4110
G01 X1.2772 Y9.4149
G01 X1.2800 Y9.4188
G01 X1.2828 Y9.4226
G01 X1.2856 Y9.4265
G01 X1.2884 Y9.4303
G01 X1.2911 Y9.4341
G01 X1.2939 Y9.4379
G01 X1.2966 Y9.4416
G01 X1.2993 Y9.4453
G01 X1.3021 Y9.4490
G01 X1.3047 Y9.4527
G01 X1.3074 Y9.4564
G01 X1.3101 Y9.4600
G01 X1.3128 Y9.4636
G01 X1.3154 Y9.4672
G01 X1.3180 Y9.4707
G01 X1.3206 Y9.4743
G01 X1.3232 Y9.4778
G01 X1.3258 Y9.4812
G01 X1.3284 Y9.4847
G01 X1.3309 Y9.4881
G01 X1.3335 Y9.4915
G01 X1.3360 Y9.4948
G01 X1.3385 Y9.4981
G01 X1.3409 Y9.5014
G01 X1.3434 Y9.5047
G01 X1.3459 Y9.5079
G01 X1.3483 Y9.5111
G01 X1.3507 Y9.5143
G01 X1.3531 Y9.5175
G01 X1.3554 Y9.5206
G01 X1.3578 Y9.5236
G01 X1.3601 Y9.5267
G01 X1.3624 Y9.5297
G01 X1.3647 Y9.5327
G01 X1.3670 Y9.5356
G01 X1.3692 Y9.5385
G01 X1.3715 Y9.5414
G01 X1.3737 Y9.5442
G01 X1.3758 Y9.5470
G01 X1.3780 Y9.5498
G01 X1.3801 Y9.5525
G01 X1.3823 Y9.5552
G01 X1.3844 Y9.5578
G01 X1.3864 Y9.5604
G01 X1.3885 Y9.5630
G01 X1.3905 Y9.5655
G01 X1.3925 Y9.5680
G01 X1.3945 Y9.5705
G01 X1.3964 Y9.5729
G01 X1.3983 Y9.5752
G01 X1.4002 Y9.5776
G01 X1.4021 Y9.5798
G01 X1.4039 Y9.5821
G01 X1.4057 Y9.5843
G01 X1.4075 Y9.5864
G01 X1.4093 Y9.5886
G01 X1.4110 Y9.5906
G01 X1.4127 Y9.5927
G01 X1.4144 Y9.5946
G01 X1.4161 Y9.5966
G01 X1.4177 Y9.5985
G01 X1.4193 Y9.6003
G01 X1.4209 Y9.6021
G01 X1.4224 Y9.6038
G01 X1.4239 Y9.6055
G01 X1.4254 Y9.6072
G01 X1.4268 Y9.6088
G01 X1.4282 Y9.6104
G01 X1.4296 Y9.6119
G01 X1.4310 Y9.6133
G01 X1.4323 Y9.6147
G01 X1.4336 Y9.6161
G01 X1.4348 Y9.6174
G01 X1.4361 Y9.6187
G01 X1.4373 Y9.6199
G01 X1.4384 Y9.6210
G01 X1.4396 Y9.6221
G01 X1.4406 Y9.6232
G01 X1.4417 Y9.6242
G01 X1.4427 Y9.6251
G01 X1.4437 Y9.6260
G01 X1.4447 Y9.6268
G01 X1.4456 Y9.6276
G01 X1.4465 Y9.6283
G01 X1.4473 Y9.6290
G01 X1.4481 Y9.6296
G01 X1.4489 Y9.6301
G01 X1.4497 Y9.6306
G01 X1.4504 Y9.6311
G01 X1.4510 Y9.6314
G01 X1.4516 Y9.6318
G01 X1.4522 Y9.6320
G01 X1.4528 Y9.6322
G01 X1.4533 Y9.6324
G01 X1.4538 Y9.6324
G01 X1.4542 Y9.6325
G01 X1.4546 Y9.6324
G01 X1.4550 Y9.6323
G01 X1.4553 Y9.6322
G01 X1.4556 Y9.6319
G01 X1.4571 Y9.6299
G01 X1.4575 Y9.6267
G01 X1.4569 Y9.6226
G01 X1.4555 Y9.6177
G01 X1.4531 Y9.6125
G01 X1.4500 Y9.6069
G01 X1.4479 Y9.6037
G01 X1.4473 Y9.6023
G01 X1.4483 Y9.6026
G01 X1.4507 Y9.6047
G01 X1.4544 Y9.6085
G01 X1.4593 Y9.6139
G01 X1.4653 Y9.6208
G01 X1.4669 Y9.6225
G01 X1.4687 Y9.6242
G01 X1.4707 Y9.6259
G01 X1.4728 Y9.6277
G01 X1.4751 Y9.6295
G01 X1.4776 Y9.6313
G01 X1.4802 Y9.6331
G01 X1.4830 Y9.6350
G01 X1.4859 Y9.6368
G01 X1.4890 Y9.6387
G01 X1.4922 Y9.6406
G01 X1.4955 Y9.6425
G01 X1.4989 Y9.6444
G01 X1.5025 Y9.6463
G01 X1.5061 Y9.6482
G01 X1.5099 Y9.6501
G01 X1.5137 Y9.6520
G01 X1.5177 Y9.6539
G01 X1.5217 Y9.6557
G01 X1.5258 Y9.6576
G01 X1.5300 Y9.6594
G01 X1.5342 Y9.6613
G01 X1.5385 Y9.6631
G01 X1.5428 Y9.6648
G01 X1.5472 Y9.6666
G01 X1.5517 Y9.6683
G01 X1.5561 Y9.6700
G01 X1.5606 Y9.6716
G01 X1.5652 Y9.6732
G01 X1.5697 Y9.6748
G01 X1.5742 Y9.6763
G01 X1.5788 Y9.6778
G01 X1.5833 Y9.6792
G01 X1.5870 Y9.6802
G01 X1.5907 Y9.6813
G01 X1.5945 Y9.6825
G01 X1.5982 Y9.6836
G01 X1.6020 Y9.6847
G01 X1.6058 Y9.6859
G01 X1.6096 Y9.6871
G01 X1.6135 Y9.6883
G01 X1.6174 Y9.6895
G01 X1.6213 Y9.6907
G01 X1.6252 Y9.6920
G01 X1.6291 Y9.6932
G01 X1.6331 Y9.6945
G01 X1.6371 Y9.6958
G01 X1.6411 Y9.6971
G01 X1.6451 Y9.6984
G01 X1.6491 Y9.6997
G01 X1.6532 Y9.7011
G01 X1.6573 Y9.7024
G01 X1.6614 Y9.7038
G01 X1.6655 Y9.7052
G01 X1.6696 Y9.7066
G01 X1.6737 Y9.7080
G01 X1.6779 Y9.7094
G01 X1.6821 Y9.7109
G01 X1.6863 Y9.7123
G01 X1.6905 Y9.7138
G01 X1.6947 Y9.7152
G01 X1.6989 Y9.7167
G01 X1.7031 Y9.7182
G01 X1.7074 Y9.7197
G01 X1.7116 Y9.7212
G01 X1.7159 Y9.7228
G01 X1.7202 Y9.7243
G01 X1.7245 Y9.7258
G01 X1.7288 Y9.7274
G01 X1.7331 Y9.7290
G01 X1.7374 Y9.7305
G01 X1.7418 Y9.7321
G01 X1.7461 Y9.7337
G01 X1.7504 Y9.7353
G01 X1.7548 Y9.7369
G01 X1.7592 Y9.7385
G01 X1.7635 Y9.7402
G01 X1.7679 Y9.7418
G01 X1.7723 Y9.7435
G01 X1.7766 Y9.7451
G01 X1.7810 Y9.7468
G01 X1.7854 Y9.7484
G01 X1.7898 Y9.7501
G01 X1.7942 Y9.7518
G01 X1.7986 Y9.7535
G01 X1.8029 Y9.7552
G01 X1.8073 Y9.7569
G01 X1.8117 Y9.7586
G01 X1.8161 Y9.7603
G01 X1.8205 Y9.7620
G01 X1.8249 Y9.7637
G01 X1.8293 Y9.7655
G01 X1.8337 Y9.7672
G01 X1.8381 Y9.7689
G01 X1.8424 Y9.7707
G01 X1.8468 Y9.7724
G01 X1.8512 Y9.7742
G01 X1.8556 Y9.7759
G01 X1.8599 Y9.7777
G01 X1.8643 Y9.7795
G01 X1.8686 Y9.7812
G01 X1.8730 Y9.7830
G01 X1.8773 Y9.7848
G01 X1.8816 Y9.7865
G01 X1.8859 Y9.7883
G01 X1.8903 Y9.7901
G01 X1.8946 Y9.7919
G01 X1.8989 Y9.7937
G01 X1.9031 Y9.7954
G01 X1.9074 Y9.7972
G01 X1.9117 Y9.7990
G01 X1.9159 Y9.8008
G01 X1.9202 Y9.8026
G01 X1.9244 Y9.8044
G01 X1.9286 Y9.8062
G01 X1.9328 Y9.8080
G01 X1.9370 Y9.8097
G01 X1.9412 Y9.8115
G01 X1.9453 Y9.8133
G01 X1.9495 Y9.8151
G01 X1.9536 Y9.8169
G01 X1.9577 Y9.8187
G01 X1.9618 Y9.8205
G01 X1.9659 Y9.8223
G01 X1.9699 Y9.8240
G01 X1.9739 Y9.8258
G01 X1.9780 Y9.8276
G01 X1.9820 Y9.8294
G01 X1.9859 Y9.8312
G01 X1.9899 Y9.8329
G01 X1.9938 Y9.8347
G01 X1.9978 Y9.8365
G01 X2.0017 Y9.8382
G01 X2.0055 Y9.8400
G01 X2.0094 Y9.8417
G01 X2.0132 Y9.8435
G01 X2.0170 Y9.8452
G01 X2.0208 Y9.8470
G01 X2.0245 Y9.8487
G01 X2.0283 Y9.8504
G01 X2.0320 Y9.8522
G01 X2.0357 Y9.8539
G01 X2.0393 Y9.8556
G01 X2.0429 Y9.8573
G01 X2.0465 Y9.8590
G01 X2.0501 Y9.8607
G01 X2.0536 Y9.8624
G01 X2.0571 Y9.8641
G01 X2.0606 Y9.8658
G01 X2.0641 Y9.8674
G01 X2.0675 Y9.8691
G01 X2.0709 Y9.8708
G01 X2.0742 Y9.8724
G01 X2.0776 Y9.8740
G01 X2.0809 Y9.8757
G01 X2.0841 Y9.8773
G01 X2.0874 Y9.8789
G01 X2.0905 Y9.8805
G01 X2.0937 Y9.8821
G01 X2.0968 Y9.8837
G01 X2.0999 Y9.8853
G01 X2.1030 Y9.8869
G01 X2.1060 Y9.8884
G01 X2.1090 Y9.8900
G01 X2.1119 Y9.8915
G01 X2.1148 Y9.8931
G01 X2.1177 Y9.8946
G01 X2.1205 Y9.8961
G01 X2.1233 Y9.8976
G01 X2.1260 Y9.8991
G01 X2.1287 Y9.9005
G01 X2.1314 Y9.9020
G01 X2.1340 Y9.9035
G01 X2.1366 Y9.9049
G01 X2.1392 Y9.9063
G01 X2.1417 Y9.9078
G01 X2.1441 Y9.9092
G01 X2.1465 Y9.9106
G01 X2.1489 Y9.9119
G01 X2.1512 Y9.9133
G01 X2.1535 Y9.9146
G01 X2.1557 Y9.9160
G01 X2.1579 Y9.9173
G01 X2.1600 Y9.9186
G01 X2.1621 Y9.9199
G01 X2.1642 Y9.9212
G01 X2.1662 Y9.9225
G01 X2.1681 Y9.9237
G01 X2.1700 Y9.9250
G01 X2.1719 Y9.9262
G01 X2.1737 Y9.9274
G01 X2.1754 Y9.9286
G01 X2.1771 Y9.9297
G01 X2.1787 Y9.9309
G01 X2.1803 Y9.9320
G01 X2.1819 Y9.9332
G01 X2.1834 Y9.9343
G01 X2.1848 Y9.9354
G01 X2.1862 Y9.9364
G01 X2.1875 Y9.9375
G01 X2.1892 Y9.9390
G01 X2.1904 Y9.9401
G01 X2.1910 Y9.9410
G01 X2.1911 Y9.9416
G01 X2.1907 Y9.9418
G01 X2.1897 Y9.9418
G01 X2.1883 Y9.9415
G01 X2.1865 Y9.9410
G01 X2.1841 Y9.9402
G01 X2.1814 Y9.9391
G01 X2.1781 Y9.9377
G01 X2.1745 Y9.9362
G01 X2.1705 Y9.9343
G01 X2.1661 Y9.9323
G01 X2.1613 Y9.9300
G01 X2.1561 Y9.9275
G01 X2.1506 Y9.9247
G01 X2.1448 Y9.9218
G01 X2.1387 Y9.9187
G01 X2.1322 Y9.9153
G01 X2.1254 Y9.9118
G01 X2.1184 Y9.9081
G01 X2.1111 Y9.9042
G01 X2.1083 Y9.9027
G01 X2.1054 Y9.9011
G01 X2.1025 Y9.8996
G01 X2.0995 Y9.8981
G01 X2.0966 Y9.8965
G01 X2.0936 Y9.8950
G01 X2.0905 Y9.8934
G01 X2.0875 Y9.8919
G01 X2.0844 Y9.8903
G01 X2.0813 Y9.8887
G01 X2.0782 Y9.8872
G01 X2.0750 Y9.8856
G01 X2.0718 Y9.8840
G01 X2.0686 Y9.8824
G01 X2.0654 Y9.8809
G01 X2.0621 Y9.8793
G01 X2.0589 Y9.8777
G01 X2.0556 Y9.8761
G01 X2.0522 Y9.8745
G01 X2.0489 Y9.8729
G01 X2.0455 Y9.8712
G01 X2.0421 Y9.8696
G01 X2.0387 Y9.8680
G01 X2.0353 Y9.8664
G01 X2.0319 Y9.8648
G01 X2.0284 Y9.8631
G01 X2.0249 Y9.8615
G01 X2.0214 Y9.8599
G01 X2.0179 Y9.8583
G01 X2.0143 Y9.8566
G01 X2.0108 Y9.8550
G01 X2.0072 Y9.8534
G01 X2.0036 Y9.8517
G01 X2.0000 Y9.8501
G01 X1.9963 Y9.8485
G01 X1.9927 Y9.8468
G01 X1.9890 Y9.8452
G01 X1.9853 Y9.8435
G01 X1.9817 Y9.8419
G01 X1.9779 Y9.8402
G01 X1.9742 Y9.8386
G01 X1.9705 Y9.8370
G01 X1.9667 Y9.8353
G01 X1.9630 Y9.8337
G01 X1.9592 Y9.8320
G01 X1.9554 Y9.8304
G01 X1.9516 Y9.8288
G01 X1.9478 Y9.8271
G01 X1.9440 Y9.8255
G01 X1.9402 Y9.8239
G01 X1.9363 Y9.8222
G01 X1.9325 Y9.8206
G01 X1.9286 Y9.8190
G01 X1.9248 Y9.8173
G01 X1.9209 Y9.8157
G01 X1.9170 Y9.8141
G01 X1.9131 Y9.8125
G01 X1.9092 Y9.8109
G01 X1.9053 Y9.8092
G01 X1.9014 Y9.8076
G01 X1.8975 Y9.8060
G01 X1.8935 Y9.8044
G01 X1.8896 Y9.8028
G01 X1.8857 Y9.8012
G01 X1.8817 Y9.7996
G01 X1.8778 Y9.7980
G01 X1.8738 Y9.7965
G01 X1.8699 Y9.7949
G01 X1.8659 Y9.7933
G01 X1.8620 Y9.7917
G01 X1.8580 Y9.7902
G01 X1.8541 Y9.7886
G01 X1.8501 Y9.7870
G01 X1.8461 Y9.7855
G01 X1.8422 Y9.7839
G01 X1.8382 Y9.7824
G01 X1.8343 Y9.7809
G01 X1.8303 Y9.7793
G01 X1.8263 Y9.7778
G01 X1.8224 Y9.7763
G01 X1.8184 Y9.7748
G01 X1.8145 Y9.7733
G01 X1.8105 Y9.7718
G01 X1.8065 Y9.7703
G01 X1.8026 Y9.7688
G01 X1.7987 Y9.7673
G01 X1.7947 Y9.7658
G01 X1.7908 Y9.7644
G01 X1.7868 Y9.7629
G01 X1.7829 Y9.7615
G01 X1.7790 Y9.7600
G01 X1.7751 Y9.7586
G01 X1.7712 Y9.7572
G01 X1.7673 Y9.7558
G01 X1.7634 Y9.7544
G01 X1.7595 Y9.7530
G01 X1.7556 Y9.7516
G01 X1.7518 Y9.7502
G01 X1.7479 Y9.7488
G01 X1.7440 Y9.7475
G01 X1.7402 Y9.7461
G01 X1.7364 Y9.7448
G01 X1.7325 Y9.7434
G01 X1.7287 Y9.7421
G01 X1.7249 Y9.7408
G01 X1.7211 Y9.7395
G01 X1.7174 Y9.7382
G01 X1.7136 Y9.7369
G01 X1.7098 Y9.7357
G01 X1.7061 Y9.7344
G01 X1.7024 Y9.7331
G01 X1.6987 Y9.7319
G01 X1.6950 Y9.7307
G01 X1.6913 Y9.7295
G01 X1.6876 Y9.7283
G01 X1.6840 Y9.7271
G01 X1.6803 Y9.7259
G01 X1.6767 Y9.7247
G01 X1.6731 Y9.7236
G01 X1.6695 Y9.7224
G01 X1.6660 Y9.7213
G01 X1.6624 Y9.7202
G01 X1.6589 Y9.7191
G01 X1.6554 Y9.7180
G01 X1.6519 Y9.7169
G01 X1.6484 Y9.7159
G01 X1.6449 Y9.7148
G01 X1.6415 Y9.7138
G01 X1.6381 Y9.7128
G01 X1.6347 Y9.7118
G01 X1.6313 Y9.7108
G01 X1.6280 Y9.7098
G01 X1.6246 Y9.7088
G01 X1.6213 Y9.7079
G01 X1.6181 Y9.7069
G01 X1.6131 Y9.7056
G01 X1.6082 Y9.7042
G01 X1.6032 Y9.7028
G01 X1.5983 Y9.7013
G01 X1.5934 Y9.6999
G01 X1.5885 Y9.6984
G01 X1.5837 Y9.6969
G01 X1.5789 Y9.6954
G01 X1.5741 Y9.6938
G01 X1.5694 Y9.6923
G01 X1.5648 Y9.6907
G01 X1.5602 Y9.6892
G01 X1.5557 Y9.6876
G01 X1.5512 Y9.6861
G01 X1.5469 Y9.6845
G01 X1.5426 Y9.6830
G01 X1.5384 Y9.6815
G01 X1.5343 Y9.6799
G01 X1.5303 Y9.6784
G01 X1.5264 Y9.6769
G01 X1.5226 Y9.6754
G01 X1.5190 Y9.6739
G01 X1.5154 Y9.6725
G01 X1.5120 Y9.6711
G01 X1.5087 Y9.6696
G01 X1.5056 Y9.6683
G01 X1.5026 Y9.6669
G01 X1.4998 Y9.6656
G01 X1.4971 Y9.6643
G01 X1.4946 Y9.6631
G01 X1.4922 Y9.6619
G01 X1.4900 Y9.6607
G01 X1.4880 Y9.6596
G01 X1.4862 Y9.6585
G01 X1.4846 Y9.6575
G01 X1.4832 Y9.6565
G01 X1.4819 Y9.6556
G01 X1.4795 Y9.6534
G01 X1.4772 Y9.6515
G01 X1.4751 Y9.6499
G01 X1.4731 Y9.6485
G01 X1.4713 Y9.6474
G01 X1.4697 Y9.6466
G01 X1.4683 Y9.6462
G01 X1.4670 Y9.6461
G01 X1.4658 Y9.6464
G01 X1.4648 Y9.6472
G01 X1.4640 Y9.6483
G01 X1.4633 Y9.6499
G01 X1.4627 Y9.6519
G01 X1.4622 Y9.6544
G01 X1.4619 Y9.6575
G01 X1.4617 Y9.6610
G01 X1.4616 Y9.6652
G01 X1.4616 Y9.6699
G01 X1.4617 Y9.6751
G01 X1.4620 Y9.6810
G01 X1.4623 Y9.6876
G01 X1.4627 Y9.6948
G01 X1.4632 Y9.7026
G01 X1.4638 Y9.7112
G01 X1.4645 Y9.7205
G01 X1.4653 Y9.7306
G01 X1.4656 Y9.7341
G01 X1.4659 Y9.7377
G01 X1.4662 Y9.7414
G01 X1.4665 Y9.7452
G01 X1.4669 Y9.7490
G01 X1.4672 Y9.7529
G01 X1.4676 Y9.7569
G01 X1.4680 Y9.7609
G01 X1.4684 Y9.7649
G01 X1.4688 Y9.7690
G01 X1.4692 Y9.7731
G01 X1.4697 Y9.7773
G01 X1.4701 Y9.7815
G01 X1.4706 Y9.7857
G01 X1.4710 Y9.7899
G01 X1.4715 Y9.7942
G01 X1.4720 Y9.7984
G01 X1.4725 Y9.8027
G01 X1.4730 Y9.8070
G01 X1.4735 Y9.8113
G01 X1.4740 Y9.8156
G01 X1.4746 Y9.8199
G01 X1.4751 Y9.8242
G01 X1.4756 Y9.8285
G01 X1.4762 Y9.8327
G01 X1.4767 Y9.8369
G01 X1.4773 Y9.8412
G01 X1.4778 Y9.8453
G01 X1.4784 Y9.8495
G01 X1.4790 Y9.8536
G01 X1.4795 Y9.8577
G01 X1.4801 Y9.8617
G01 X1.4807 Y9.8657
G01 X1.4812 Y9.8696
G01 X1.4818 Y9.8735
G01 X1.4824 Y9.8773
G01 X1.4830 Y9.8811
G01 X1.4835 Y9.8847
G01 X1.4841 Y9.8884
G01 X1.4847 Y9.8919
G01 X1.4852 Y9.8954
G01 X1.4858 Y9.8987
G01 X1.4864 Y9.9020
G01 X1.4869 Y9.9052
G01 X1.4875 Y9.9083
G01 X1.4884 Y9.9144
G01 X1.4893 Y9.9203
G01 X1.4902 Y9.9261
G01 X1.4910 Y9.9318
G01 X1.4918 Y9.9374
G01 X1.4925 Y9.9429
G01 X1.4932 Y9.9481
G01 X1.4938 Y9.9532
G01 X1.4943 Y9.9581
G01 X1.4949 Y9.9628
G01 X1.4953 Y9.9672
G01 X1.4957 Y9.9714
G01 X1.4960 Y9.9753
G01 X1.4963 Y9.9789
G01 X1.4965 Y9.9822
G01 X1.4966 Y9.9853
G01 X1.4967 Y9.9880
G01 X1.4967 Y9.9903
G01 X1.4966 Y9.9923
G01 X1.4964 Y9.9939
G01 X1.4962 Y9.9951
G01 X1.4958 Y9.9958
G01 X1.4951 Y9.9960
G01 X1.4942 Y9.9956
G01 X1.4933 Y9.9947
G01 X1.4923 Y9.9932
G01 X1.4912 Y9.9912
G01 X1.4901 Y9.9887
G01 X1.4889 Y9.9857
G01 X1.4876 Y9.9823
G01 X1.4863 Y9.9785
G01 X1.4849 Y9.9742
G01 X1.4836 Y9.9696
G01 X1.4822 Y9.9646
G01 X1.4807 Y9.9592
G01 X1.4793 Y9.9535
G01 X1.4779 Y9.9475
G01 X1.4764 Y9.9412
G01 X1.4750 Y9.9346
G01 X1.4736 Y9.9278
G00 X1.2375 Y9.9000
G01 X1.2364 Y9.8948
G01 X1.2353 Y9.8896
G01 X1.2343 Y9.8845
G01 X1.2333 Y9.8794
G01 X1.2323 Y9.8744
G01 X1.2313 Y9.8695
G01 X1.2303 Y9.8646
G01 X1.2293 Y9.8598
G01 X1.2284 Y9.8550
G01 X1.2275 Y9.8503
G01 X1.2266 Y9.8457
G01 X1.2257 Y9.8411
G01 X1.2249 Y9.8365
G01 X1.2240 Y9.8320
G01 X1.2232 Y9.8275
G01 X1.2224 Y9.8231
G01 X1.2216 Y9.8187
G01 X1.2209 Y9.8144
G01 X1.2201 Y9.8101
G01 X1.2194 Y9.8059
G01 X1.2187 Y9.8017
G01 X1.2180 Y9.7975
G01 X1.2173 Y9.7934
G01 X1.2167 Y9.7893
G01 X1.2161 Y9.7852
G01 X1.2154 Y9.7812
G01 X1.2148 Y9.7772
G01 X1.2143 Y9.7733
G01 X1.2137 Y9.7694
G01 X1.2131 Y9.7655
G01 X1.2126 Y9.7616
G01 X1.2121 Y9.7578
G01 X1.2116 Y9.7540
G01 X1.2111 Y9.7502
G01 X1.2107 Y9.7465
G01 X1.2102 Y9.7428
G01 X1.2098 Y9.7390
G01 X1.2094 Y9.7354
G01 X1.2090 Y9.7317
G01 X1.2086 Y9.7281
G01 X1.2082 Y9.7244
G01 X1.2079 Y9.7208
G01 X1.2075 Y9.7172
G01 X1.2072 Y9.7137
G01 X1.2069 Y9.7101
G01 X1.2066 Y9.7066
G01 X1.2064 Y9.7030
G01 X1.2061 Y9.6995
G01 X1.2059 Y9.6960
G01 X1.2056 Y9.6925
G01 X1.2054 Y9.6890
G01 X1.2052 Y9.6855
G01 X1.2051 Y9.6820
G01 X1.2049 Y9.6785
G01 X1.2047 Y9.6750
G01 X1.2046 Y9.6715
G01 X1.2045 Y9.6680
G01 X1.2044 Y9.6646
G01 X1.2043 Y9.6611
G01 X1.2042 Y9.6576
G01 X1.2041 Y9.6541
G01 X1.2041 Y9.6506
G01 X1.2041 Y9.6471
G01 X1.2040 Y9.6436
G01 X1.2040 Y9.6400
G01 X1.2040 Y9.6365
G01 X1.2041 Y9.6330
G01 X1.2041 Y9.6294
G01 X1.2041 Y9.6258
G01 X1.2042 Y9.6223
G01 X1.2043 Y9.6187
G01 X1.2044 Y9.6150
G01 X1.2045 Y9.6114
G01 X1.2046 Y9.6078
G01 X1.2047 Y9.6041
G01 X1.2048 Y9.6004
G01 X1.2050 Y9.5967
G01 X1.2051 Y9.5929
G01 X1.2053 Y9.5892
G01 X1.2055 Y9.5854
G01 X1.2057 Y9.5816
G01 X1.2059 Y9.5777
G01 X1.2061 Y9.5738
G01 X1.2064 Y9.5699
G01 X1.2066 Y9.5660
G01 X1.2069 Y9.5620
G01 X1.2071 Y9.5580
G01 X1.2074 Y9.5540
G01 X1.2077 Y9.5499
G01 X1.2080 Y9.5458
G01 X1.2083 Y9.5417
G01 X1.2181 Y9.4097
G01 X1.2208 Y9.5486
G01 X1.2208 Y9.5519
G01 X1.2209 Y9.5553
G01 X1.2209 Y9.5587
G01 X1.2209 Y9.5622
G01 X1.2210 Y9.5657
G01 X1.2211 Y9.5693
G01 X1.2212 Y9.5729
G01 X1.2213 Y9.5766
G01 X1.2214 Y9.5803
G01 X1.2215 Y9.5840
G01 X1.2216 Y9.5878
G01 X1.2218 Y9.5917
G01 X1.2219 Y9.5956
G01 X1.2221 Y9.5995
G01 X1.2223 Y9.6034
G01 X1.2224 Y9.6074
G01 X1.2226 Y9.6115
G01 X1.2228 Y9.6155
G01 X1.2231 Y9.6196
G01 X1.2233 Y9.6237
G01 X1.2235 Y9.6278
G01 X1.2238 Y9.6320
G01 X1.2240 Y9.6362
G01 X1.2243 Y9.6404
G01 X1.2246 Y9.6446
G01 X1.2249 Y9.6488
G01 X1.2252 Y9.6530
G01 X1.2255 Y9.6573
G01 X1.2258 Y9.6616
G01 X1.2261 Y9.6658
G01 X1.2264 Y9.6701
G01 X1.2267 Y9.6744
G01 X1.2271 Y9.6787
G01 X1.2274 Y9.6830
G01 X1.2278 Y9.6873
G01 X1.2281 Y9.6916
G01 X1.2285 Y9.6959
G01 X1.2289 Y9.7002
G01 X1.2293 Y9.7045
G01 X1.2296 Y9.7088
G01 X1.2300 Y9.7131
G01 X1.2304 Y9.7173
G01 X1.2308 Y9.7216
G01 X1.2312 Y9.7258
G01 X1.2317 Y9.7300
G01 X1.2321 Y9.7342
G01 X1.2325 Y9.7384
G01 X1.2329 Y9.7425
G01 X1.2334 Y9.7467
G01 X1.2338 Y9.7508
G01 X1.2342 Y9.7548
G01 X1.2347 Y9.7589
G01 X1.2351 Y9.7629
G01 X1.2356 Y9.7669
G01 X1.2360 Y9.7709
G01 X1.2365 Y9.7748
G01 X1.2369 Y9.7787
G01 X1.2374 Y9.7825
G01 X1.2379 Y9.7863
G01 X1.2383 Y9.7901
G01 X1.2388 Y9.7938
G01 X1.2393 Y9.7975
G01 X1.2397 Y9.8011
G01 X1.2402 Y9.8047
G01 X1.2407 Y9.8082
G01 X1.2412 Y9.8117
G01 X1.2416 Y9.8151
G01 X1.2421 Y9.8185
G01 X1.2426 Y9.8218
G01 X1.2431 Y9.8250
G01 X1.2442 Y9.8330
G01 X1.2454 Y9.8408
G01 X1.2465 Y9.8484
G01 X1.2475 Y9.8558
G01 X1.2485 Y9.8630
G01 X1.2494 Y9.8699
G01 X1.2503 Y9.8767
G01 X1.2512 Y9.8832
G01 X1.2520 Y9.8895
G01 X1.2527 Y9.8956
G01 X1.2534 Y9.9015
G01 X1.2541 Y9.9071
G01 X1.2547 Y9.9125
G01 X1.2552 Y9.9177
G01 X1.2557 Y9.9226
G01 X1.2562 Y9.9273
G01 X1.2566 Y9.9318
G01 X1.2569 Y9.9360
G01 X1.2572 Y9.9400
G01 X1.2575 Y9.9437
G01 X1.2577 Y9.9472
G01 X1.2579 Y9.9504
G01 X1.2580 Y9.9534
G01 X1.2581 Y9.9561
G01 X1.2581 Y9.9585
G01 X1.2581 Y9.9607
G01 X1.2580 Y9.9627
G01 X1.2579 Y9.9643
G01 X1.2578 Y9.9657
G01 X1.2576 Y9.9669
G01 X1.2573 Y9.9677
G01 X1.2570 Y9.9683
G01 X1.2567 Y9.9686
G01 X1.2563 Y9.9686
G01 X1.2558 Y9.9684
G01 X1.2553 Y9.9678
G01 X1.2548 Y9.9670
G01 X1.2542 Y9.9658
G01 X1.2536 Y9.9644
G01 X1.2529 Y9.9627
G01 X1.2522 Y9.9607
G01 X1.2515 Y9.9584
G01 X1.2507 Y9.9558
G01 X1.2498 Y9.9529
G01 X1.2489 Y9.9496
G01 X1.2480 Y9.9461
G01 X1.2470 Y9.9423
G01 X1.2460 Y9.9381
G01 X1.2449 Y9.9336
G01 X1.2438 Y9.9288
G01 X1.2426 Y9.9237
G01 X1.2414 Y9.9183
G01 X1.2401 Y9.9125
G01 X1.2388 Y9.9064
G01 X1.2375 Y9.9000
G00 X0.9389 Y9.6153
G01 X0.9381 Y9.6107
G01 X0.9373 Y9.6062
G01 X0.9365 Y9.6018
G01 X0.9358 Y9.5974
G01 X0.9351 Y9.5931
G01 X0.9344 Y9.5888
G01 X0.9337 Y9.5846
G01 X0.9330 Y9.5804
G01 X0.9324 Y9.5762
G01 X0.9318 Y9.5721
G01 X0.9312 Y9.5681
G01 X0.9307 Y9.5640
G01 X0.9301 Y9.5600
G01 X0.9296 Y9.5561
G01 X0.9291 Y9.5521
G01 X0.9286 Y9.5483
G01 X0.9282 Y9.5444
G01 X0.9277 Y9.5405
G01 X0.9273 Y9.5367
G01 X0.9269 Y9.5329
G01 X0.9266 Y9.5292
G01 X0.9262 Y9.5254
G01 X0.9259 Y9.5217
G01 X0.9256 Y9.5180
G01 X0.9253 Y9.5143
G01 X0.9250 Y9.5106
G01 X0.9248 Y9.5069
G01 X0.9246 Y9.5032
G01 X0.9244 Y9.4996
G01 X0.9242 Y9.4959
G01 X0.9241 Y9.4923
G01 X0.9239 Y9.4886
G01 X0.9238 Y9.4850
G01 X0.9237 Y9.4813
G01 X0.9237 Y9.4776
G01 X0.9236 Y9.4740
G01 X0.9236 Y9.4703
G01 X0.9236 Y9.4666
G01 X0.9236 Y9.4629
G01 X0.9236 Y9.4592
G01 X0.9237 Y9.4555
G01 X0.9238 Y9.4518
G01 X0.9239 Y9.4480
G01 X0.9240 Y9.4442
G01 X0.9241 Y9.4404
G01 X0.9243 Y9.4366
G01 X0.9245 Y9.4327
G01 X0.9247 Y9.4288
G01 X0.9249 Y9.4249
G01 X0.9251 Y9.4210
G01 X0.9254 Y9.4170
G01 X0.9257 Y9.4130
G01 X0.9260 Y9.4090
G01 X0.9263 Y9.4049
G01 X0.9267 Y9.4007
G01 X0.9270 Y9.3966
G01 X0.9274 Y9.3923
G01 X0.9278 Y9.3881
G01 X0.9283 Y9.3838
G01 X0.9287 Y9.3794
G01 X0.9292 Y9.3750
G01 X0.9403 Y9.2569
G01 X0.9431 Y9.3958
G01 X0.9431 Y9.3997
G01 X0.9432 Y9.4037
G01 X0.9433 Y9.4077
G01 X0.9434 Y9.4117
G01 X0.9435 Y9.4158
G01 X0.9436 Y9.4200
G01 X0.9438 Y9.4241
G01 X0.9439 Y9.4283
G01 X0.9441 Y9.4325
G01 X0.9442 Y9.4368
G01 X0.9444 Y9.4411
G01 X0.9445 Y9.4454
G01 X0.9447 Y9.4497
G01 X0.9449 Y9.4540
G01 X0.9451 Y9.4584
G01 X0.9453 Y9.4628
G01 X0.9455 Y9.4672
G01 X0.9457 Y9.4716
G01 X0.9459 Y9.4760
G01 X0.9462 Y9.4804
G01 X0.9464 Y9.4848
G01 X0.9466 Y9.4892
G01 X0.9469 Y9.4936
G01 X0.9471 Y9.4980
G01 X0.9474 Y9.5024
G01 X0.9477 Y9.5068
G01 X0.9479 Y9.5112
G01 X0.9482 Y9.5155
G01 X0.9485 Y9.5199
G01 X0.9488 Y9.5242
G01 X0.9490 Y9.5285
G01 X0.9493 Y9.5328
G01 X0.9496 Y9.5370
G01 X0.9499 Y9.5413
G01 X0.9502 Y9.5455
G01 X0.9505 Y9.5496
G01 X0.9509 Y9.5537
G01 X0.9512 Y9.5578
G01 X0.9515 Y9.5619
G01 X0.9518 Y9.5659
G01 X0.9521 Y9.5698
G01 X0.9525 Y9.5737
G01 X0.9528 Y9.5776
G01 X0.9531 Y9.5814
G01 X0.9535 Y9.5852
G01 X0.9538 Y9.5889
G01 X0.9541 Y9.5925
G01 X0.9545 Y9.5961
G01 X0.9548 Y9.5996
G01 X0.9552 Y9.6030
G01 X0.9555 Y9.6064
G01 X0.9559 Y9.6097
G01 X0.9562 Y9.6129
G01 X0.9566 Y9.6161
G01 X0.9569 Y9.6191
G01 X0.9573 Y9.6221
G01 X0.9576 Y9.6250
G01 X0.9580 Y9.6278
G01 X0.9583 Y9.6306
G01 X0.9594 Y9.6380
G01 X0.9605 Y9.6451
G01 X0.9614 Y9.6519
G01 X0.9623 Y9.6585
G01 X0.9632 Y9.6647
G01 X0.9639 Y9.6707
G01 X0.9646 Y9.6763
G01 X0.9653 Y9.6817
G01 X0.9659 Y9.6868
G01 X0.9664 Y9.6915
G01 X0.9668 Y9.6960
G01 X0.9672 Y9.7002
G01 X0.9676 Y9.7041
G01 X0.9679 Y9.7078
G01 X0.9681 Y9.7111
G01 X0.9682 Y9.7141
G01 X0.9684 Y9.7169
G01 X0.9684 Y9.7194
G01 X0.9684 Y9.7215
G01 X0.9684 Y9.7234
G01 X0.9682 Y9.7250
G01 X0.9681 Y9.7264
G01 X0.9679 Y9.7274
G01 X0.9676 Y9.7282
G01 X0.9673 Y9.7287
G01 X0.9669 Y9.7289
G01 X0.9665 Y9.7288
G01 X0.9661 Y9.7284
G01 X0.9656 Y9.7278
G01 X0.9650 Y9.7269
G01 X0.9644 Y9.7257
G01 X0.9638 Y9.7242
G01 X0.9631 Y9.7225
G01 X0.9624 Y9.7204
G01 X0.9616 Y9.7181
G01 X0.9608 Y9.7156
G01 X0.9600 Y9.7127
G01 X0.9591 Y9.7096
G01 X0.9582 Y9.7062
G01 X0.9572 Y9.7025
G01 X0.9562 Y9.6986
G01 X0.9552 Y9.6944
G01 X0.9541 Y9.6899
G01 X0.9530 Y9.6851
G01 X0.9519 Y9.6801
G01 X0.9507 Y9.6748
G01 X0.9495 Y9.6693
G01 X0.9483 Y9.6634
G01 X0.9471 Y9.6574
G01 X0.9458 Y9.6510
G01 X0.9444 Y9.6444
G01 X0.9431 Y9.6375
G01 X0.9417 Y9.6304
G01 X0.9403 Y9.6229
G01 X0.9389 Y9.6153
G00 X1.1847 Y9.4583
G01 X1.1848 Y9.4498
G01 X1.1848 Y9.4420
G01 X1.1850 Y9.4348
G01 X1.1851 Y9.4283
G01 X1.1854 Y9.4225
G01 X1.1856 Y9.4174
G01 X1.1859 Y9.4131
G01 X1.1863 Y9.4095
G01 X1.1866 Y9.4067
G01 X1.1870 Y9.4046
G01 X1.1875 Y9.4034
G01 X1.1879 Y9.4030
G01 X1.1884 Y9.4034
G01 X1.1888 Y9.4047
G01 X1.1893 Y9.4069
G01 X1.1898 Y9.4099
G01 X1.1903 Y9.4139
G01 X1.1906 Y9.4172
G01 X1.1910 Y9.4207
G01 X1.1913 Y9.4245
G01 X1.1915 Y9.4283
G01 X1.1917 Y9.4324
G01 X1.1919 Y9.4365
G01 X1.1921 Y9.4408
G01 X1.1922 Y9.4451
G01 X1.1923 Y9.4496
G01 X1.1923 Y9.4540
G01 X1.1924 Y9.4585
G01 X1.1923 Y9.4630
G01 X1.1923 Y9.4675
G01 X1.1922 Y9.4720
G01 X1.1921 Y9.4764
G01 X1.1919 Y9.4807
G01 X1.1917 Y9.4849
G01 X1.1915 Y9.4891
G01 X1.1913 Y9.4931
G01 X1.1910 Y9.4970
G01 X1.1906 Y9.5007
G01 X1.1903 Y9.5042
G01 X1.1898 Y9.5081
G01 X1.1892 Y9.5110
G01 X1.1887 Y9.5130
G01 X1.1882 Y9.5140
G01 X1.1878 Y9.5141
G01 X1.1873 Y9.5132
G01 X1.1869 Y9.5115
G01 X1.1865 Y9.5089
G01 X1.1861 Y9.5054
G01 X1.1857 Y9.5010
G01 X1.1855 Y9.4959
G01 X1.1852 Y9.4899
G01 X1.1850 Y9.4832
G01 X1.1848 Y9.4756
G01 X1.1848 Y9.4673
G01 X1.1847 Y9.4583
G00 X1.3792 Y9.3653
G01 X1.3825 Y9.3646
G01 X1.3861 Y9.3641
G01 X1.3901 Y9.3637
G01 X1.3942 Y9.3634
G01 X1.3985 Y9.3633
G01 X1.4030 Y9.3632
G01 X1.4074 Y9.3633
G01 X1.4118 Y9.3634
G01 X1.4161 Y9.3637
G01 X1.4202 Y9.3641
G01 X1.4241 Y9.3646
G01 X1.4278 Y9.3653
G01 X1.4311 Y9.3666
G01 X1.4327 Y9.3678
G01 X1.4327 Y9.3689
G01 X1.4312 Y9.3699
G01 X1.4282 Y9.3707
G01 X1.4238 Y9.3713
G01 X1.4180 Y9.3718
G01 X1.4110 Y9.3721
G01 X1.4028 Y9.3722
G01 X1.3946 Y9.3721
G01 X1.3876 Y9.3718
G01 X1.3818 Y9.3713
G01 X1.3775 Y9.3707
G01 X1.3746 Y9.3699
G01 X1.3733 Y9.3689
G01 X1.3735 Y9.3678
G01 X1.3754 Y9.3666
G01 X1.3792 Y9.3653
G00 X1.3708 Y9.3236
G01 X1.3740 Y9.3229
G01 X1.3777 Y9.3223
G01 X1.3818 Y9.3219
G01 X1.3861 Y9.3216
G01 X1.3906 Y9.3215
G01 X1.3952 Y9.3216
G01 X1.3998 Y9.3219
G01 X1.4043 Y9.3223
G01 X1.4086 Y9.3229
G01 X1.4125 Y9.3236
G01 X1.4167 Y9.3251
G01 X1.4191 Y9.3265
G01 X1.4196 Y9.3276
G01 X1.4182 Y9.3286
G01 X1.4151 Y9.3295
G01 X1.4104 Y9.3301
G01 X1.4039 Y9.3304
G01 X1.3958 Y9.3306
G01 X1.3880 Y9.3304
G01 X1.3814 Y9.3301
G01 X1.3760 Y9.3295
G01 X1.3719 Y9.3286
G01 X1.3692 Y9.3276
G01 X1.3681 Y9.3265
G01 X1.3686 Y9.3251
G01 X1.3708 Y9.3236
G00 X1.4556 Y9.3375
G01 X1.4590 Y9.3366
G01 X1.4631 Y9.3359
G01 X1.4676 Y9.3355
G01 X1.4724 Y9.3354
G01 X1.4772 Y9.3355
G01 X1.4819 Y9.3359
G01 X1.4863 Y9.3366
G01 X1.4903 Y9.3375
G01 X1.4932 Y9.3395
G01 X1.4936 Y9.3412
G01 X1.4917 Y9.3425
G01 X1.4874 Y9.3436
G01 X1.4809 Y9.3442
G01 X1.4722 Y9.3444
G01 X1.4647 Y9.3443
G01 X1.4587 Y9.3438
G01 X1.4544 Y9.3430
G01 X1.4519 Y9.3420
G01 X1.4512 Y9.3407
G01 X1.4524 Y9.3392
G01 X1.4556 Y9.3375
G00 X1.4764 Y9.3792
G01 X1.4797 Y9.3785
G01 X1.4834 Y9.3780
G01 X1.4873 Y9.3776
G01 X1.4915 Y9.3773
G01 X1.4958 Y9.3771
G01 X1.5002 Y9.3771
G01 X1.5046 Y9.3771
G01 X1.5090 Y9.3773
G01 X1.5133 Y9.3776
G01 X1.5174 Y9.3780
G01 X1.5214 Y9.3785
G01 X1.5250 Y9.3792
G01 X1.5283 Y9.3805
G01 X1.5299 Y9.3817
G01 X1.5299 Y9.3828
G01 X1.5284 Y9.3838
G01 X1.5254 Y9.3846
G01 X1.5210 Y9.3852
G01 X1.5152 Y9.3857
G01 X1.5082 Y9.3860
G01 X1.5000 Y9.3861
G01 X1.4918 Y9.3860
G01 X1.4848 Y9.3857
G01 X1.4791 Y9.3852
G01 X1.4747 Y9.3846
G01 X1.4718 Y9.3838
G01 X1.4705 Y9.3828
G01 X1.4707 Y9.3817
G01 X1.4727 Y9.3805
G01 X1.4764 Y9.3792
G00 X1.5181 Y9.3528
G01 X1.5203 Y9.3512
G01 X1.5234 Y9.3500
G01 X1.5271 Y9.3492
G01 X1.5313 Y9.3489
G01 X1.5357 Y9.3491
G01 X1.5401 Y9.3499
G01 X1.5444 Y9.3514
G01 X1.5487 Y9.3535
G01 X1.5506 Y9.3554
G01 X1.5502 Y9.3571
G01 X1.5475 Y9.3585
G01 X1.5428 Y9.3594
G01 X1.5361 Y9.3597
G01 X1.5291 Y9.3600
G01 X1.5234 Y9.3595
G01 X1.5193 Y9.3583
G01 X1.5169 Y9.3567
G01 X1.5164 Y9.3548
G01 X1.5181 Y9.3528
G00 X1.5806 Y9.3653
G01 X1.5840 Y9.3644
G01 X1.5881 Y9.3637
G01 X1.5926 Y9.3633
G01 X1.5974 Y9.3632
G01 X1.6022 Y9.3633
G01 X1.6069 Y9.3637
G01 X1.6113 Y9.3644
G01 X1.6153 Y9.3653
G01 X1.6182 Y9.3672
G01 X1.6186 Y9.3689
G01 X1.6167 Y9.3703
G01 X1.6124 Y9.3713
G01 X1.6059 Y9.3720
G01 X1.5972 Y9.3722
G01 X1.5897 Y9.3721
G01 X1.5837 Y9.3716
G01 X1.5794 Y9.3708
G01 X1.5769 Y9.3698
G01 X1.5762 Y9.3685
G01 X1.5774 Y9.3670
G01 X1.5806 Y9.3653
G00 X1.5903 Y9.4014
G01 X1.5850 Y9.4000
G01 X1.5806 Y9.3987
G01 X1.5769 Y9.3976
G01 X1.5741 Y9.3966
G01 X1.5721 Y9.3958
G01 X1.5710 Y9.3951
G01 X1.5707 Y9.3945
G01 X1.5713 Y9.3941
G01 X1.5727 Y9.3938
G01 X1.5751 Y9.3936
G01 X1.5784 Y9.3936
G01 X1.5826 Y9.3936
G01 X1.5877 Y9.3938
G01 X1.5939 Y9.3942
G01 X1.6009 Y9.3946
G01 X1.6090 Y9.3952
G01 X1.6181 Y9.3958
G01 X1.6273 Y9.3966
G01 X1.6356 Y9.3972
G01 X1.6429 Y9.3977
G01 X1.6493 Y9.3980
G01 X1.6548 Y9.3981
G01 X1.6593 Y9.3981
G01 X1.6629 Y9.3979
G01 X1.6657 Y9.3975
G01 X1.6675 Y9.3970
G01 X1.6684 Y9.3963
G01 X1.6684 Y9.3955
G01 X1.6675 Y9.3945
G01 X1.6658 Y9.3932
G01 X1.6632 Y9.3919
G01 X1.6597 Y9.3903
G01 X1.6548 Y9.3878
G01 X1.6510 Y9.3855
G01 X1.6483 Y9.3835
G01 X1.6466 Y9.3818
G01 X1.6458 Y9.3803
G01 X1.6459 Y9.3791
G01 X1.6468 Y9.3781
G01 X1.6485 Y9.3775
G01 X1.6508 Y9.3770
G01 X1.6538 Y9.3769
G01 X1.6574 Y9.3770
G01 X1.6616 Y9.3773
G01 X1.6661 Y9.3780
G01 X1.6711 Y9.3789
G01 X1.6764 Y9.3801
G01 X1.6821 Y9.3815
G01 X1.6879 Y9.3832
G01 X1.6939 Y9.3852
G01 X1.7000 Y9.3875
G01 X1.7057 Y9.3898
G01 X1.7104 Y9.3917
G01 X1.7140 Y9.3935
G01 X1.7164 Y9.3950
G01 X1.7177 Y9.3964
G01 X1.7179 Y9.3977
G01 X1.7169 Y9.3990
G01 X1.7146 Y9.4004
G01 X1.7111 Y9.4018
G01 X1.7064 Y9.4033
G01 X1.7004 Y9.4050
G01 X1.6931 Y9.4069
G01 X1.6887 Y9.4082
G01 X1.6846 Y9.4093
G01 X1.6807 Y9.4103
G01 X1.6770 Y9.4112
G01 X1.6735 Y9.4120
G01 X1.6701 Y9.4126
G01 X1.6668 Y9.4132
G01 X1.6636 Y9.4136
G01 X1.6604 Y9.4139
G01 X1.6573 Y9.4141
G01 X1.6542 Y9.4142
G01 X1.6511 Y9.4142
G01 X1.6479 Y9.4141
G01 X1.6447 Y9.4138
G01 X1.6413 Y9.4134
G01 X1.6378 Y9.4129
G01 X1.6342 Y9.4123
G01 X1.6304 Y9.4116
G01 X1.6264 Y9.4107
G01 X1.6222 Y9.4098
G01 X1.6176 Y9.4087
G01 X1.6128 Y9.4075
G01 X1.6077 Y9.4061
G01 X1.6023 Y9.4047
G01 X1.5965 Y9.4031
G01 X1.5903 Y9.4014
G00 X1.5736 Y9.0889
G01 X1.5759 Y9.0873
G01 X1.5790 Y9.0861
G01 X1.5827 Y9.0853
G01 X1.5868 Y9.0850
G01 X1.5912 Y9.0852
G01 X1.5957 Y9.0860
G01 X1.6000 Y9.0875
G01 X1.6043 Y9.0896
G01 X1.6062 Y9.0915
G01 X1.6057 Y9.0932
G01 X1.6031 Y9.0946
G01 X1.5984 Y9.0955
G01 X1.5917 Y9.0958
G01 X1.5846 Y9.0961
G01 X1.5790 Y9.0956
G01 X1.5748 Y9.0944
G01 X1.5724 Y9.0928
G01 X1.5720 Y9.0909
G01 X1.5736 Y9.0889
G00 X1.5181 Y9.0750
G01 X1.5203 Y9.0734
G01 X1.5234 Y9.0722
G01 X1.5271 Y9.0714
G01 X1.5313 Y9.0711
G01 X1.5357 Y9.0713
G01 X1.5401 Y9.0722
G01 X1.5444 Y9.0736
G01 X1.5487 Y9.0757
G01 X1.5506 Y9.0776
G01 X1.5502 Y9.0793
G01 X1.5475 Y9.0807
G01 X1.5428 Y9.0816
G01 X1.5361 Y9.0819
G01 X1.5291 Y9.0822
G01 X1.5234 Y9.0817
G01 X1.5193 Y9.0806
G01 X1.5169 Y9.0790
G01 X1.5164 Y9.0771
G01 X1.5181 Y9.0750
G00 X1.4167 Y9.0556
G01 X1.4091 Y9.0532
G01 X1.4031 Y9.0512
G01 X1.3987 Y9.0495
G01 X1.3958 Y9.0480
G01 X1.3944 Y9.0469
G01 X1.3946 Y9.0460
G01 X1.3962 Y9.0453
G01 X1.3992 Y9.0448
G01 X1.4038 Y9.0445
G01 X1.4097 Y9.0444
G01 X1.4127 Y9.0445
G01 X1.4160 Y9.0447
G01 X1.4195 Y9.0450
G01 X1.4232 Y9.0454
G01 X1.4271 Y9.0459
G01 X1.4311 Y9.0465
G01 X1.4352 Y9.0472
G01 X1.4394 Y9.0479
G01 X1.4437 Y9.0487
G01 X1.4479 Y9.0496
G01 X1.4522 Y9.0505
G01 X1.4564 Y9.0515
G01 X1.4605 Y9.0525
G01 X1.4646 Y9.0535
G01 X1.4685 Y9.0545
G01 X1.4722 Y9.0556
G01 X1.4798 Y9.0579
G01 X1.4857 Y9.0599
G01 X1.4902 Y9.0616
G01 X1.4931 Y9.0631
G01 X1.4944 Y9.0642
G01 X1.4943 Y9.0652
G01 X1.4927 Y9.0658
G01 X1.4896 Y9.0663
G01 X1.4851 Y9.0666
G01 X1.4792 Y9.0667
G01 X1.4762 Y9.0666
G01 X1.4729 Y9.0664
G01 X1.4694 Y9.0661
G01 X1.4657 Y9.0657
G01 X1.4618 Y9.0652
G01 X1.4578 Y9.0646
G01 X1.4537 Y9.0639
G01 X1.4495 Y9.0632
G01 X1.4452 Y9.0624
G01 X1.4410 Y9.0615
G01 X1.4367 Y9.0606
G01 X1.4325 Y9.0596
G01 X1.4283 Y9.0586
G01 X1.4243 Y9.0576
G01 X1.4204 Y9.0566
G01 X1.4167 Y9.0556
G00 X1.4028 Y9.0069
G01 X1.3997 Y9.0060
G01 X1.3966 Y9.0050
G01 X1.3934 Y9.0041
G01 X1.3902 Y9.0031
G01 X1.3869 Y9.0021
G01 X1.3835 Y9.0012
G01 X1.3800 Y9.0002
G01 X1.3765 Y8.9992
G01 X1.3729 Y8.9982
G01 X1.3693 Y8.9973
G01 X1.3656 Y8.9963
G01 X1.3618 Y8.9953
G01 X1.3580 Y8.9943
G01 X1.3542 Y8.9933
G01 X1.3503 Y8.9924
G01 X1.3464 Y8.9914
G01 X1.3424 Y8.9904
G01 X1.3384 Y8.9894
G01 X1.3344 Y8.9885
G01 X1.3303 Y8.9875
G01 X1.3262 Y8.9866
G01 X1.3221 Y8.9856
G01 X1.3179 Y8.9846
G01 X1.3138 Y8.9837
G01 X1.3096 Y8.9828
G01 X1.3054 Y8.9818
G01 X1.3011 Y8.9809
G01 X1.2969 Y8.9800
G01 X1.2927 Y8.9791
G01 X1.2884 Y8.9782
G01 X1.2842 Y8.9773
G01 X1.2799 Y8.9764
G01 X1.2757 Y8.9755
G01 X1.2714 Y8.9746
G01 X1.2672 Y8.9738
G01 X1.2630 Y8.9729
G01 X1.2587 Y8.9721
G01 X1.2545 Y8.9712
G01 X1.2503 Y8.9704
G01 X1.2462 Y8.9696
G01 X1.2420 Y8.9688
G01 X1.2379 Y8.9681
G01 X1.2338 Y8.9673
G01 X1.2297 Y8.9666
G01 X1.2257 Y8.9658
G01 X1.2217 Y8.9651
G01 X1.2177 Y8.9644
G01 X1.2138 Y8.9637
G01 X1.2099 Y8.9630
G01 X1.2060 Y8.9624
G01 X1.2022 Y8.9618
G01 X1.1985 Y8.9611
G01 X1.1948 Y8.9605
G01 X1.1911 Y8.9600
G01 X1.1876 Y8.9594
G01 X1.1840 Y8.9589
G01 X1.1806 Y8.9583
G01 X1.1734 Y8.9573
G01 X1.1663 Y8.9563
G01 X1.1592 Y8.9552
G01 X1.1523 Y8.9541
G01 X1.1455 Y8.9531
G01 X1.1388 Y8.9520
G01 X1.1323 Y8.9509
G01 X1.1258 Y8.9498
G01 X1.1195 Y8.9487
G01 X1.1133 Y8.9477
G01 X1.1073 Y8.9466
G01 X1.1014 Y8.9455
G01 X1.0957 Y8.9444
G01 X1.0901 Y8.9434
G01 X1.0847 Y8.9423
G01 X1.0795 Y8.9413
G01 X1.0744 Y8.9402
G01 X1.0696 Y8.9392
G01 X1.0650 Y8.9382
G01 X1.0605 Y8.9372
G01 X1.0563 Y8.9363
G01 X1.0522 Y8.9353
G01 X1.0484 Y8.9344
G01 X1.0449 Y8.9335
G01 X1.0415 Y8.9327
G01 X1.0384 Y8.9318
G01 X1.0356 Y8.9310
G01 X1.0330 Y8.9303
G01 X1.0307 Y8.9295
G01 X1.0286 Y8.9288
G01 X1.0268 Y8.9281
G01 X1.0253 Y8.9275
G01 X1.0240 Y8.9269
G01 X1.0231 Y8.9264
G01 X1.0225 Y8.9259
G01 X1.0221 Y8.9254
G01 X1.0221 Y8.9250
G01 X1.0224 Y8.9247
G01 X1.0230 Y8.9243
G01 X1.0240 Y8.9241
G01 X1.0253 Y8.9239
G01 X1.0269 Y8.9238
G01 X1.0289 Y8.9237
G01 X1.0312 Y8.9236
G01 X1.0339 Y8.9237
G01 X1.0370 Y8.9238
G01 X1.0405 Y8.9239
G01 X1.0443 Y8.9242
G01 X1.0485 Y8.9245
G01 X1.0532 Y8.9248
G01 X1.0582 Y8.9253
G01 X1.0636 Y8.9258
G01 X1.0694 Y8.9264
G01 X1.0726 Y8.9268
G01 X1.0758 Y8.9271
G01 X1.0791 Y8.9276
G01 X1.0824 Y8.9280
G01 X1.0858 Y8.9284
G01 X1.0892 Y8.9289
G01 X1.0927 Y8.9294
G01 X1.0962 Y8.9298
G01 X1.0998 Y8.9303
G01 X1.1034 Y8.9309
G01 X1.1071 Y8.9314
G01 X1.1108 Y8.9320
G01 X1.1146 Y8.9325
G01 X1.1184 Y8.9331
G01 X1.1223 Y8.9337
G01 X1.1262 Y8.9343
G01 X1.1301 Y8.9350
G01 X1.1340 Y8.9356
G01 X1.1380 Y8.9363
G01 X1.1421 Y8.9369
G01 X1.1461 Y8.9376
G01 X1.1503 Y8.9383
G01 X1.1544 Y8.9390
G01 X1.1585 Y8.9397
G01 X1.1627 Y8.9405
G01 X1.1669 Y8.9412
G01 X1.1712 Y8.9420
G01 X1.1755 Y8.9427
G01 X1.1797 Y8.9435
G01 X1.1841 Y8.9443
G01 X1.1884 Y8.9451
G01 X1.1927 Y8.9459
G01 X1.1971 Y8.9467
G01 X1.2015 Y8.9475
G01 X1.2059 Y8.9484
G01 X1.2103 Y8.9492
G01 X1.2147 Y8.9501
G01 X1.2192 Y8.9509
G01 X1.2236 Y8.9518
G01 X1.2281 Y8.9527
G01 X1.2325 Y8.9536
G01 X1.2370 Y8.9545
G01 X1.2415 Y8.9554
G01 X1.2460 Y8.9563
G01 X1.2504 Y8.9572
G01 X1.2549 Y8.9581
G01 X1.2594 Y8.9590
G01 X1.2639 Y8.9599
G01 X1.2684 Y8.9609
G01 X1.2728 Y8.9618
G01 X1.2773 Y8.9628
G01 X1.2818 Y8.9637
G01 X1.2862 Y8.9647
G01 X1.2907 Y8.9656
G01 X1.2951 Y8.9666
G01 X1.2995 Y8.9676
G01 X1.3039 Y8.9685
G01 X1.3083 Y8.9695
G01 X1.3127 Y8.9705
G01 X1.3171 Y8.9714
G01 X1.3214 Y8.9724
G01 X1.3257 Y8.9734
G01 X1.3300 Y8.9744
G01 X1.3343 Y8.9754
G01 X1.3386 Y8.9763
G01 X1.3428 Y8.9773
G01 X1.3470 Y8.9783
G01 X1.3512 Y8.9793
G01 X1.3553 Y8.9803
G01 X1.3594 Y8.9813
G01 X1.3635 Y8.9822
G01 X1.3676 Y8.9832
G01 X1.3716 Y8.9842
G01 X1.3756 Y8.9852
G01 X1.3795 Y8.9862
G01 X1.3834 Y8.9871
G01 X1.3873 Y8.9881
G01 X1.3911 Y8.9891
G01 X1.3949 Y8.9901
G01 X1.3987 Y8.9910
G01 X1.4024 Y8.9920
G01 X1.4060 Y8.9929
G01 X1.4096 Y8.9939
G01 X1.4132 Y8.9948
G01 X1.4167 Y8.9958
G01 X1.4201 Y8.9967
G01 X1.4236 Y8.9977
G01 X1.4269 Y8.9986
G01 X1.4302 Y8.9995
G01 X1.4334 Y9.0004
G01 X1.4366 Y9.0013
G01 X1.4398 Y9.0022
G01 X1.4428 Y9.0031
G01 X1.4458 Y9.0040
G01 X1.4488 Y9.0049
G01 X1.4516 Y9.0058
G01 X1.4545 Y9.0067
G01 X1.4572 Y9.0075
G01 X1.4599 Y9.0084
G01 X1.4625 Y9.0092
G01 X1.4650 Y9.0101
G01 X1.4675 Y9.0109
G01 X1.4699 Y9.0117
G01 X1.4722 Y9.0125
G01 X1.4784 Y9.0147
G01 X1.4842 Y9.0169
G01 X1.4897 Y9.0189
G01 X1.4948 Y9.0209
G01 X1.4995 Y9.0227
G01 X1.5039 Y9.0244
G01 X1.5079 Y9.0260
G01 X1.5115 Y9.0276
G01 X1.5149 Y9.0290
G01 X1.5178 Y9.0303
G01 X1.5205 Y9.0315
G01 X1.5228 Y9.0327
G01 X1.5247 Y9.0337
G01 X1.5264 Y9.0346
G01 X1.5277 Y9.0354
G01 X1.5287 Y9.0361
G01 X1.5293 Y9.0368
G01 X1.5297 Y9.0373
G01 X1.5297 Y9.0377
G01 X1.5294 Y9.0381
G01 X1.5289 Y9.0383
G01 X1.5280 Y9.0384
G01 X1.5268 Y9.0385
G01 X1.5253 Y9.0384
G01 X1.5236 Y9.0383
G01 X1.5215 Y9.0380
G01 X1.5192 Y9.0377
G01 X1.5166 Y9.0373
G01 X1.5137 Y9.0367
G01 X1.5105 Y9.0361
G01 X1.5070 Y9.0354
G01 X1.5033 Y9.0346
G01 X1.4994 Y9.0337
G01 X1.4951 Y9.0327
G01 X1.4906 Y9.0316
G01 X1.4859 Y9.0304
G01 X1.4809 Y9.0292
G01 X1.4757 Y9.0278
G01 X1.4702 Y9.0264
G01 X1.4645 Y9.0248
G01 X1.4585 Y9.0232
G01 X1.4523 Y9.0215
G01 X1.4459 Y9.0197
G01 X1.4393 Y9.0178
G01 X1.4324 Y9.0158
G01 X1.4253 Y9.0137
G01 X1.4180 Y9.0115
G01 X1.4105 Y9.0093
G01 X1.4028 Y9.0069
G00 X1.3306 Y9.0319
G01 X1.3340 Y9.0310
G01 X1.3381 Y9.0304
G01 X1.3426 Y9.0300
G01 X1.3474 Y9.0299
G01 X1.3522 Y9.0300
G01 X1.3569 Y9.0304
G01 X1.3613 Y9.0310
G01 X1.3653 Y9.0319
G01 X1.3682 Y9.0339
G01 X1.3686 Y9.0356
G01 X1.3667 Y9.0370
G01 X1.3624 Y9.0380
G01 X1.3559 Y9.0387
G01 X1.3472 Y9.0389
G01 X1.3397 Y9.0387
G01 X1.3337 Y9.0382
G01 X1.3294 Y9.0375
G01 X1.3269 Y9.0364
G01 X1.3262 Y9.0351
G01 X1.3274 Y9.0336
G01 X1.3306 Y9.0319
G00 X1.2611 Y9.0181
G01 X1.2646 Y9.0171
G01 X1.2687 Y9.0165
G01 X1.2732 Y9.0161
G01 X1.2780 Y9.0160
G01 X1.2828 Y9.0161
G01 X1.2875 Y9.0165
G01 X1.2919 Y9.0171
G01 X1.2958 Y9.0181
G01 X1.2987 Y9.0200
G01 X1.2992 Y9.0217
G01 X1.2972 Y9.0231
G01 X1.2930 Y9.0241
G01 X1.2864 Y9.0248
G01 X1.2778 Y9.0250
G01 X1.2702 Y9.0248
G01 X1.2643 Y9.0244
G01 X1.2600 Y9.0236
G01 X1.2575 Y9.0225
G01 X1.2568 Y9.0213
G01 X1.2580 Y9.0198
G01 X1.2611 Y9.0181
G00 X1.1764 Y9.0042
G01 X1.1796 Y9.0034
G01 X1.1833 Y9.0028
G01 X1.1873 Y9.0024
G01 X1.1917 Y9.0022
G01 X1.1962 Y9.0021
G01 X1.2008 Y9.0022
G01 X1.2054 Y9.0024
G01 X1.2099 Y9.0028
G01 X1.2141 Y9.0034
G01 X1.2181 Y9.0042
G01 X1.2223 Y9.0057
G01 X1.2246 Y9.0070
G01 X1.2251 Y9.0082
G01 X1.2238 Y9.0092
G01 X1.2207 Y9.0100
G01 X1.2159 Y9.0106
G01 X1.2095 Y9.0110
G01 X1.2014 Y9.0111
G01 X1.1936 Y9.0110
G01 X1.1869 Y9.0106
G01 X1.1815 Y9.0100
G01 X1.1774 Y9.0092
G01 X1.1748 Y9.0082
G01 X1.1737 Y9.0070
G01 X1.1742 Y9.0057
G01 X1.1764 Y9.0042
G00 X1.0792 Y8.9903
G01 X1.0824 Y8.9895
G01 X1.0860 Y8.9889
G01 X1.0901 Y8.9885
G01 X1.0944 Y8.9883
G01 X1.0990 Y8.9882
G01 X1.1036 Y8.9883
G01 X1.1082 Y8.9885
G01 X1.1126 Y8.9889
G01 X1.1169 Y8.9895
G01 X1.1208 Y8.9903
G01 X1.1251 Y8.9918
G01 X1.1274 Y8.9931
G01 X1.1279 Y8.9943
G01 X1.1266 Y8.9953
G01 X1.1235 Y8.9961
G01 X1.1187 Y8.9967
G01 X1.1122 Y8.9971
G01 X1.1042 Y8.9972
G01 X1.0964 Y8.9971
G01 X1.0897 Y8.9967
G01 X1.0843 Y8.9961
G01 X1.0802 Y8.9953
G01 X1.0776 Y8.9943
G01 X1.0764 Y8.9931
G01 X1.0769 Y8.9918
G01 X1.0792 Y8.9903
G00 X0.9611 Y9.0556
G01 X0.9613 Y9.0480
G01 X0.9618 Y9.0420
G01 X0.9625 Y9.0378
G01 X0.9636 Y9.0352
G01 X0.9649 Y9.0345
G01 X0.9664 Y9.0357
G01 X0.9681 Y9.0389
G01 X0.9690 Y9.0424
G01 X0.9696 Y9.0465
G01 X0.9700 Y9.0510
G01 X0.9701 Y9.0557
G01 X0.9700 Y9.0605
G01 X0.9696 Y9.0653
G01 X0.9690 Y9.0697
G01 X0.9681 Y9.0736
G01 X0.9661 Y9.0765
G01 X0.9644 Y9.0770
G01 X0.9630 Y9.0750
G01 X0.9620 Y9.0707
G01 X0.9613 Y9.0642
G01 X0.9611 Y9.0556
G00 X0.9208 Y9.0833
G01 X0.9209 Y9.0751
G01 X0.9211 Y9.0678
G01 X0.9213 Y9.0614
G01 X0.9217 Y9.0560
G01 X0.9221 Y9.0516
G01 X0.9226 Y9.0483
G01 X0.9231 Y9.0460
G01 X0.9237 Y9.0450
G01 X0.9243 Y9.0451
G01 X0.9250 Y9.0464
G01 X0.9257 Y9.0489
G01 X0.9264 Y9.0528
G01 X0.9269 Y9.0563
G01 X0.9274 Y9.0600
G01 X0.9277 Y9.0639
G01 X0.9280 Y9.0681
G01 X0.9282 Y9.0724
G01 X0.9284 Y9.0768
G01 X0.9285 Y9.0813
G01 X0.9285 Y9.0858
G01 X0.9284 Y9.0903
G01 X0.9282 Y9.0948
G01 X0.9280 Y9.0992
G01 X0.9277 Y9.1034
G01 X0.9274 Y9.1076
G01 X0.9269 Y9.1115
G01 X0.9264 Y9.1153
G01 X0.9256 Y9.1191
G01 X0.9249 Y9.1214
G01 X0.9242 Y9.1223
G01 X0.9235 Y9.1218
G01 X0.9229 Y9.1200
G01 X0.9223 Y9.1169
G01 X0.9218 Y9.1125
G01 X0.9214 Y9.1069
G01 X0.9211 Y9.1001
G01 X0.9209 Y9.0923
G01 X0.9208 Y9.0833
G00 X0.9486 Y9.1597
G01 X0.9487 Y9.1515
G01 X0.9488 Y9.1440
G01 X0.9490 Y9.1375
G01 X0.9493 Y9.1319
G01 X0.9497 Y9.1272
G01 X0.9501 Y9.1235
G01 X0.9506 Y9.1209
G01 X0.9511 Y9.1193
G01 X0.9517 Y9.1189
G01 X0.9523 Y9.1196
G01 X0.9529 Y9.1215
G01 X0.9535 Y9.1247
G01 X0.9542 Y9.1292
G01 X0.9546 Y9.1329
G01 X0.9550 Y9.1369
G01 X0.9554 Y9.1410
G01 X0.9557 Y9.1452
G01 X0.9559 Y9.1495
G01 X0.9561 Y9.1539
G01 X0.9562 Y9.1583
G01 X0.9562 Y9.1627
G01 X0.9562 Y9.1671
G01 X0.9562 Y9.1715
G01 X0.9561 Y9.1758
G01 X0.9559 Y9.1800
G01 X0.9557 Y9.1841
G01 X0.9554 Y9.1880
G01 X0.9550 Y9.1918
G01 X0.9546 Y9.1953
G01 X0.9542 Y9.1986
G01 X0.9535 Y9.2019
G01 X0.9529 Y9.2040
G01 X0.9523 Y9.2050
G01 X0.9517 Y9.2049
G01 X0.9511 Y9.2037
G01 X0.9506 Y9.2015
G01 X0.9501 Y9.1983
G01 X0.9497 Y9.1941
G01 X0.9493 Y9.1890
G01 X0.9490 Y9.1830
G01 X0.9488 Y9.1761
G01 X0.9487 Y9.1683
G01 X0.9486 Y9.1597
G00 X0.9069 Y9.2639
G01 X0.9070 Y9.2552
G01 X0.9070 Y9.2470
G01 X0.9071 Y9.2395
G01 X0.9073 Y9.2325
G01 X0.9075 Y9.2262
G01 X0.9077 Y9.2205
G01 X0.9079 Y9.2155
G01 X0.9082 Y9.2111
G01 X0.9085 Y9.2075
G01 X0.9088 Y9.2045
G01 X0.9092 Y9.2023
G01 X0.9096 Y9.2008
G01 X0.9100 Y9.2000
G01 X0.9104 Y9.2001
G01 X0.9108 Y9.2009
G01 X0.9112 Y9.2026
G01 X0.9116 Y9.2050
G01 X0.9121 Y9.2083
G01 X0.9125 Y9.2125
G01 X0.9128 Y9.2158
G01 X0.9131 Y9.2192
G01 X0.9134 Y9.2228
G01 X0.9136 Y9.2266
G01 X0.9138 Y9.2304
G01 X0.9140 Y9.2344
G01 X0.9141 Y9.2384
G01 X0.9143 Y9.2426
G01 X0.9144 Y9.2468
G01 X0.9145 Y9.2510
G01 X0.9145 Y9.2554
G01 X0.9146 Y9.2597
G01 X0.9146 Y9.2641
G01 X0.9146 Y9.2684
G01 X0.9145 Y9.2728
G01 X0.9145 Y9.2771
G01 X0.9144 Y9.2814
G01 X0.9143 Y9.2857
G01 X0.9141 Y9.2899
G01 X0.9140 Y9.2941
G01 X0.9138 Y9.2981
G01 X0.9136 Y9.3021
G01 X0.9134 Y9.3059
G01 X0.9131 Y9.3096
G01 X0.9128 Y9.3132
G01 X0.9125 Y9.3167
G01 X0.9121 Y9.3206
G01 X0.9116 Y9.3238
G01 X0.9112 Y9.3261
G01 X0.9108 Y9.3275
G01 X0.9104 Y9.3282
G01 X0.9100 Y9.3282
G01 X0.9096 Y9.3273
G01 X0.9092 Y9.3258
G01 X0.9088 Y9.3235
G01 X0.9085 Y9.3205
G01 X0.9082 Y9.3167
G01 X0.9079 Y9.3124
G01 X0.9077 Y9.3073
G01 X0.9075 Y9.3016
G01 X0.9073 Y9.2953
G01 X0.9071 Y9.2883
G01 X0.9070 Y9.2807
G01 X0.9070 Y9.2726
G01 X0.9069 Y9.2639
G00 X0.8125 Y8.6556
G01 X0.8083 Y8.6512
G01 X0.8048 Y8.6475
G01 X0.8018 Y8.6446
G01 X0.7994 Y8.6426
G01 X0.7976 Y8.6414
G01 X0.7963 Y8.6410
G01 X0.7957 Y8.6415
G01 X0.7956 Y8.6429
G01 X0.7961 Y8.6453
G01 X0.7971 Y8.6486
G01 X0.7987 Y8.6530
G01 X0.8009 Y8.6583
G01 X0.8036 Y8.6647
G01 X0.8069 Y8.6722
G01 X0.8102 Y8.6788
G01 X0.8135 Y8.6845
G01 X0.8168 Y8.6894
G01 X0.8199 Y8.6933
G01 X0.8228 Y8.6960
G01 X0.8254 Y8.6976
G01 X0.8276 Y8.6980
G01 X0.8293 Y8.6969
G01 X0.8306 Y8.6944
G01 X0.8314 Y8.6916
G01 X0.8316 Y8.6885
G01 X0.8313 Y8.6852
G01 X0.8305 Y8.6816
G01 X0.8291 Y8.6779
G01 X0.8273 Y8.6741
G01 X0.8251 Y8.6703
G01 X0.8225 Y8.6665
G01 X0.8195 Y8.6627
G01 X0.8161 Y8.6591
G01 X0.8125 Y8.6556
G00 X0.7014 Y8.4375
G01 X0.6993 Y8.4318
G01 X0.6972 Y8.4261
G01 X0.6952 Y8.4204
G01 X0.6931 Y8.4149
G01 X0.6910 Y8.4094
G01 X0.6890 Y8.4040
G01 X0.6870 Y8.3986
G01 X0.6850 Y8.3934
G01 X0.6830 Y8.3882
G01 X0.6811 Y8.3832
G01 X0.6791 Y8.3783
G01 X0.6772 Y8.3735
G01 X0.6754 Y8.3688
G01 X0.6736 Y8.3642
G01 X0.6718 Y8.3598
G01 X0.6701 Y8.3555
G01 X0.6684 Y8.3514
G01 X0.6668 Y8.3474
G01 X0.6652 Y8.3436
G01 X0.6637 Y8.3400
G01 X0.6622 Y8.3366
G01 X0.6608 Y8.3333
G01 X0.6595 Y8.3302
G01 X0.6582 Y8.3274
G01 X0.6570 Y8.3247
G01 X0.6559 Y8.3222
G01 X0.6549 Y8.3200
G01 X0.6539 Y8.3180
G01 X0.6530 Y8.3162
G01 X0.6522 Y8.3147
G01 X0.6515 Y8.3134
G01 X0.6509 Y8.3124
G01 X0.6504 Y8.3116
G01 X0.6500 Y8.3111
G01 X0.6488 Y8.3105
G01 X0.6471 Y8.3106
G01 X0.6451 Y8.3114
G01 X0.6427 Y8.3128
G01 X0.6399 Y8.3148
G01 X0.6369 Y8.3173
G01 X0.6336 Y8.3203
G01 X0.6301 Y8.3239
G01 X0.6264 Y8.3278
G01 X0.6227 Y8.3322
G01 X0.6188 Y8.3369
G01 X0.6150 Y8.3419
G01 X0.6111 Y8.3472
G01 X0.5806 Y8.3903
G01 X0.6625 Y8.4722
G01 X0.6671 Y8.4769
G01 X0.6716 Y8.4816
G01 X0.6760 Y8.4861
G01 X0.6804 Y8.4906
G01 X0.6847 Y8.4950
G01 X0.6889 Y8.4993
G01 X0.6930 Y8.5035
G01 X0.6971 Y8.5076
G01 X0.7010 Y8.5116
G01 X0.7047 Y8.5155
G01 X0.7084 Y8.5192
G01 X0.7119 Y8.5228
G01 X0.7153 Y8.5262
G01 X0.7186 Y8.5295
G01 X0.7217 Y8.5326
G01 X0.7246 Y8.5356
G01 X0.7273 Y8.5384
G01 X0.7299 Y8.5410
G01 X0.7323 Y8.5434
G01 X0.7345 Y8.5456
G01 X0.7365 Y8.5476
G01 X0.7383 Y8.5494
G01 X0.7399 Y8.5510
G01 X0.7413 Y8.5524
G01 X0.7424 Y8.5535
G01 X0.7433 Y8.5544
G01 X0.7439 Y8.5550
G01 X0.7443 Y8.5554
G01 X0.7444 Y8.5556
G01 X0.7445 Y8.5554
G01 X0.7445 Y8.5549
G01 X0.7443 Y8.5541
G01 X0.7440 Y8.5530
G01 X0.7436 Y8.5516
G01 X0.7430 Y8.5499
G01 X0.7424 Y8.5479
G01 X0.7416 Y8.5457
G01 X0.7408 Y8.5432
G01 X0.7398 Y8.5404
G01 X0.7387 Y8.5374
G01 X0.7376 Y8.5342
G01 X0.7363 Y8.5307
G01 X0.7350 Y8.5270
G01 X0.7336 Y8.5230
G01 X0.7320 Y8.5189
G01 X0.7305 Y8.5146
G01 X0.7288 Y8.5101
G01 X0.7270 Y8.5054
G01 X0.7252 Y8.5005
G01 X0.7233 Y8.4954
G01 X0.7214 Y8.4902
G01 X0.7194 Y8.4848
G01 X0.7173 Y8.4793
G01 X0.7152 Y8.4737
G01 X0.7130 Y8.4679
G01 X0.7108 Y8.4621
G01 X0.7085 Y8.4561
G01 X0.7062 Y8.4500
G01 X0.7038 Y8.4438
G01 X0.7014 Y8.4375
G00 X0.6083 Y8.3333
G01 X0.6112 Y8.3284
G01 X0.6134 Y8.3239
G01 X0.6150 Y8.3199
G01 X0.6161 Y8.3164
G01 X0.6165 Y8.3134
G01 X0.6162 Y8.3109
G01 X0.6154 Y8.3090
G01 X0.6139 Y8.3075
G01 X0.6117 Y8.3065
G01 X0.6089 Y8.3060
G01 X0.6055 Y8.3060
G01 X0.6013 Y8.3066
G01 X0.5965 Y8.3076
G01 X0.5909 Y8.3092
G01 X0.5847 Y8.3113
G01 X0.5778 Y8.3139
G01 X0.5731 Y8.3160
G01 X0.5690 Y8.3187
G01 X0.5655 Y8.3219
G01 X0.5625 Y8.3254
G01 X0.5601 Y8.3291
G01 X0.5583 Y8.3331
G01 X0.5570 Y8.3371
G01 X0.5564 Y8.3411
G01 X0.5564 Y8.3450
G01 X0.5570 Y8.3487
G01 X0.5582 Y8.3521
G01 X0.5600 Y8.3551
G01 X0.5625 Y8.3576
G01 X0.5655 Y8.3595
G01 X0.5692 Y8.3607
G01 X0.5736 Y8.3611
G01 X0.5764 Y8.3608
G01 X0.5794 Y8.3599
G01 X0.5826 Y8.3585
G01 X0.5859 Y8.3566
G01 X0.5893 Y8.3543
G01 X0.5927 Y8.3515
G01 X0.5961 Y8.3484
G01 X0.5994 Y8.3450
G01 X0.6025 Y8.3413
G01 X0.6056 Y8.3374
G01 X0.6083 Y8.3333
G00 X1.7222 Y9.1111
G01 X1.7190 Y9.1093
G01 X1.7154 Y9.1075
G01 X1.7116 Y9.1058
G01 X1.7076 Y9.1043
G01 X1.7035 Y9.1029
G01 X1.6993 Y9.1017
G01 X1.6952 Y9.1006
G01 X1.6912 Y9.0998
G01 X1.6873 Y9.0991
G01 X1.6838 Y9.0987
G01 X1.6806 Y9.0986
G01 X1.6756 Y9.0989
G01 X1.6727 Y9.0996
G01 X1.6718 Y9.1009
G01 X1.6728 Y9.1027
G01 X1.6758 Y9.1050
G01 X1.6807 Y9.1078
G01 X1.6875 Y9.1111
G01 X1.6943 Y9.1140
G01 X1.7008 Y9.1166
G01 X1.7068 Y9.1187
G01 X1.7123 Y9.1205
G01 X1.7172 Y9.1219
G01 X1.7216 Y9.1228
G01 X1.7253 Y9.1234
G01 X1.7283 Y9.1236
G01 X1.7306 Y9.1234
G01 X1.7321 Y9.1228
G01 X1.7328 Y9.1219
G01 X1.7326 Y9.1205
G01 X1.7315 Y9.1187
G01 X1.7294 Y9.1166
G01 X1.7264 Y9.1140
G01 X1.7222 Y9.1111
G00 X1.8000 Y9.1500
G01 X1.8025 Y9.1452
G01 X1.8032 Y9.1420
G01 X1.8021 Y9.1403
G01 X1.7991 Y9.1399
G01 X1.7942 Y9.1409
G01 X1.7875 Y9.1431
G01 X1.7859 Y9.1435
G01 X1.7839 Y9.1438
G01 X1.7817 Y9.1441
G01 X1.7793 Y9.1442
G01 X1.7766 Y9.1442
G01 X1.7737 Y9.1442
G01 X1.7705 Y9.1440
G01 X1.7672 Y9.1437
G01 X1.7637 Y9.1434
G01 X1.7600 Y9.1429
G01 X1.7561 Y9.1423
G01 X1.7521 Y9.1417
G01 X1.7479 Y9.1409
G01 X1.7436 Y9.1401
G01 X1.7392 Y9.1392
G01 X1.7347 Y9.1381
G01 X1.7301 Y9.1370
G01 X1.7254 Y9.1358
G01 X1.7207 Y9.1345
G01 X1.7159 Y9.1331
G01 X1.7111 Y9.1317
G01 X1.7062 Y9.1301
G01 X1.7014 Y9.1285
G01 X1.6965 Y9.1268
G01 X1.6917 Y9.1250
G01 X1.6843 Y9.1224
G01 X1.6775 Y9.1199
G01 X1.6712 Y9.1174
G01 X1.6654 Y9.1150
G01 X1.6601 Y9.1127
G01 X1.6554 Y9.1105
G01 X1.6514 Y9.1084
G01 X1.6479 Y9.1064
G01 X1.6451 Y9.1046
G01 X1.6430 Y9.1030
G01 X1.6416 Y9.1015
G01 X1.6409 Y9.1002
G01 X1.6409 Y9.0991
G01 X1.6418 Y9.0982
G01 X1.6434 Y9.0976
G01 X1.6458 Y9.0972
G01 X1.6498 Y9.0968
G01 X1.6526 Y9.0961
G01 X1.6542 Y9.0951
G01 X1.6547 Y9.0939
G01 X1.6541 Y9.0925
G01 X1.6524 Y9.0908
G01 X1.6496 Y9.0888
G01 X1.6457 Y9.0866
G01 X1.6408 Y9.0841
G01 X1.6347 Y9.0814
G01 X1.6276 Y9.0783
G01 X1.6194 Y9.0750
G01 X1.6121 Y9.0723
G01 X1.6052 Y9.0697
G01 X1.5986 Y9.0672
G01 X1.5924 Y9.0647
G01 X1.5866 Y9.0623
G01 X1.5813 Y9.0599
G01 X1.5764 Y9.0577
G01 X1.5719 Y9.0556
G01 X1.5680 Y9.0536
G01 X1.5645 Y9.0517
G01 X1.5616 Y9.0500
G01 X1.5592 Y9.0485
G01 X1.5573 Y9.0471
G01 X1.5560 Y9.0459
G01 X1.5552 Y9.0449
G01 X1.5551 Y9.0441
G01 X1.5556 Y9.0436
G01 X1.5567 Y9.0432
G01 X1.5584 Y9.0432
G01 X1.5608 Y9.0434
G01 X1.5639 Y9.0438
G01 X1.5677 Y9.0446
G01 X1.5722 Y9.0456
G01 X1.5774 Y9.0469
G01 X1.5833 Y9.0486
G01 X1.5879 Y9.0500
G01 X1.5925 Y9.0514
G01 X1.5972 Y9.0529
G01 X1.6019 Y9.0544
G01 X1.6067 Y9.0560
G01 X1.6115 Y9.0576
G01 X1.6164 Y9.0592
G01 X1.6213 Y9.0608
G01 X1.6262 Y9.0625
G01 X1.6311 Y9.0642
G01 X1.6361 Y9.0660
G01 X1.6411 Y9.0677
G01 X1.6461 Y9.0695
G01 X1.6511 Y9.0713
G01 X1.6561 Y9.0732
G01 X1.6611 Y9.0750
G01 X1.6661 Y9.0769
G01 X1.6711 Y9.0788
G01 X1.6761 Y9.0807
G01 X1.6811 Y9.0826
G01 X1.6861 Y9.0845
G01 X1.6910 Y9.0864
G01 X1.6959 Y9.0884
G01 X1.7008 Y9.0903
G01 X1.7057 Y9.0923
G01 X1.7105 Y9.0942
G01 X1.7152 Y9.0962
G01 X1.7200 Y9.0981
G01 X1.7246 Y9.1000
G01 X1.7293 Y9.1020
G01 X1.7338 Y9.1039
G01 X1.7383 Y9.1058
G01 X1.7428 Y9.1077
G01 X1.7471 Y9.1096
G01 X1.7514 Y9.1115
G01 X1.7557 Y9.1134
G01 X1.7598 Y9.1152
G01 X1.7638 Y9.1171
G01 X1.7678 Y9.1189
G01 X1.7717 Y9.1207
G01 X1.7754 Y9.1224
G01 X1.7791 Y9.1242
G01 X1.7827 Y9.1259
G01 X1.7861 Y9.1275
G01 X1.7895 Y9.1292
G01 X1.7927 Y9.1308
G01 X1.7958 Y9.1324
G01 X1.7988 Y9.1339
G01 X1.8016 Y9.1355
G01 X1.8044 Y9.1369
G01 X1.8069 Y9.1383
G01 X1.8094 Y9.1397
G01 X1.8117 Y9.1411
G01 X1.8138 Y9.1424
G01 X1.8158 Y9.1436
G01 X1.8176 Y9.1448
G01 X1.8193 Y9.1460
G01 X1.8208 Y9.1470
G01 X1.8222 Y9.1481
G01 X1.8234 Y9.1491
G01 X1.8243 Y9.1500
G01 X1.8252 Y9.1508
G01 X1.8258 Y9.1516
G01 X1.8262 Y9.1524
G01 X1.8265 Y9.1530
G01 X1.8265 Y9.1536
G01 X1.8264 Y9.1542
G01 X1.8233 Y9.1575
G01 X1.8197 Y9.1605
G01 X1.8158 Y9.1630
G01 X1.8118 Y9.1650
G01 X1.8078 Y9.1662
G01 X1.8042 Y9.1667
G01 X1.8000 Y9.1659
G01 X1.7975 Y9.1636
G01 X1.7967 Y9.1601
G01 X1.7975 Y9.1555
G01 X1.8000 Y9.1500
G00 X2.0806 Y9.2694
G01 X2.0800 Y9.2690
G01 X2.0791 Y9.2685
G01 X2.0780 Y9.2680
G01 X2.0767 Y9.2673
G01 X2.0751 Y9.2665
G01 X2.0734 Y9.2657
G01 X2.0714 Y9.2648
G01 X2.0692 Y9.2638
G01 X2.0668 Y9.2627
G01 X2.0642 Y9.2615
G01 X2.0614 Y9.2603
G01 X2.0584 Y9.2590
G01 X2.0552 Y9.2577
G01 X2.0519 Y9.2563
G01 X2.0484 Y9.2548
G01 X2.0447 Y9.2533
G01 X2.0409 Y9.2517
G01 X2.0369 Y9.2500
G01 X2.0327 Y9.2484
G01 X2.0285 Y9.2466
G01 X2.0241 Y9.2448
G01 X2.0195 Y9.2430
G01 X2.0149 Y9.2412
G01 X2.0101 Y9.2393
G01 X2.0052 Y9.2373
G01 X2.0002 Y9.2354
G01 X1.9951 Y9.2334
G01 X1.9899 Y9.2314
G01 X1.9846 Y9.2293
G01 X1.9792 Y9.2272
G01 X1.9738 Y9.2252
G01 X1.9683 Y9.2231
G01 X1.9627 Y9.2209
G01 X1.9571 Y9.2188
G01 X1.9514 Y9.2167
G01 X1.9450 Y9.2142
G01 X1.9387 Y9.2118
G01 X1.9326 Y9.2094
G01 X1.9266 Y9.2070
G01 X1.9207 Y9.2047
G01 X1.9150 Y9.2023
G01 X1.9094 Y9.2000
G01 X1.9041 Y9.1977
G01 X1.8988 Y9.1954
G01 X1.8938 Y9.1932
G01 X1.8890 Y9.1910
G01 X1.8843 Y9.1888
G01 X1.8799 Y9.1868
G01 X1.8757 Y9.1847
G01 X1.8717 Y9.1827
G01 X1.8679 Y9.1808
G01 X1.8644 Y9.1790
G01 X1.8611 Y9.1772
G01 X1.8581 Y9.1755
G01 X1.8553 Y9.1739
G01 X1.8529 Y9.1723
G01 X1.8506 Y9.1709
G01 X1.8487 Y9.1695
G01 X1.8471 Y9.1683
G01 X1.8457 Y9.1671
G01 X1.8447 Y9.1661
G01 X1.8440 Y9.1651
G01 X1.8436 Y9.1643
G01 X1.8435 Y9.1636
G01 X1.8438 Y9.1630
G01 X1.8444 Y9.1625
G01 X1.8451 Y9.1621
G01 X1.8460 Y9.1619
G01 X1.8472 Y9.1617
G01 X1.8485 Y9.1617
G01 X1.8501 Y9.1618
G01 X1.8519 Y9.1620
G01 X1.8539 Y9.1623
G01 X1.8561 Y9.1627
G01 X1.8585 Y9.1632
G01 X1.8611 Y9.1638
G01 X1.8639 Y9.1645
G01 X1.8668 Y9.1654
G01 X1.8699 Y9.1663
G01 X1.8732 Y9.1673
G01 X1.8767 Y9.1684
G01 X1.8803 Y9.1695
G01 X1.8841 Y9.1708
G01 X1.8880 Y9.1722
G01 X1.8920 Y9.1736
G01 X1.8962 Y9.1751
G01 X1.9005 Y9.1767
G01 X1.9049 Y9.1784
G01 X1.9095 Y9.1802
G01 X1.9141 Y9.1820
G01 X1.9189 Y9.1839
G01 X1.9237 Y9.1858
G01 X1.9287 Y9.1879
G01 X1.9337 Y9.1899
G01 X1.9388 Y9.1921
G01 X1.9440 Y9.1943
G01 X1.9493 Y9.1966
G01 X1.9546 Y9.1989
G01 X1.9599 Y9.2013
G01 X1.9654 Y9.2037
G01 X1.9709 Y9.2062
G01 X1.9764 Y9.2087
G01 X1.9819 Y9.2113
G01 X1.9875 Y9.2139
G01 X1.9940 Y9.2170
G01 X2.0004 Y9.2201
G01 X2.0067 Y9.2232
G01 X2.0128 Y9.2262
G01 X2.0188 Y9.2291
G01 X2.0246 Y9.2320
G01 X2.0303 Y9.2348
G01 X2.0358 Y9.2376
G01 X2.0412 Y9.2403
G01 X2.0463 Y9.2430
G01 X2.0513 Y9.2455
G01 X2.0562 Y9.2480
G01 X2.0608 Y9.2504
G01 X2.0652 Y9.2527
G01 X2.0694 Y9.2550
G01 X2.0734 Y9.2571
G01 X2.0772 Y9.2592
G01 X2.0808 Y9.2611
G01 X2.0841 Y9.2630
G01 X2.0872 Y9.2647
G01 X2.0900 Y9.2664
G01 X2.0926 Y9.2679
G01 X2.0950 Y9.2693
G01 X2.0971 Y9.2706
G01 X2.0989 Y9.2718
G01 X2.1004 Y9.2728
G01 X2.1016 Y9.2738
G01 X2.1026 Y9.2745
G01 X2.1032 Y9.2752
G01 X2.1036 Y9.2757
G01 X2.1036 Y9.2761
G01 X2.1034 Y9.2763
G01 X2.1028 Y9.2764
G01 X2.0985 Y9.2766
G01 X2.0942 Y9.2761
G01 X2.0901 Y9.2750
G01 X2.0863 Y9.2734
G01 X2.0831 Y9.2715
G01 X2.0806 Y9.2694
G00 X2.0694 Y9.5569
G01 X2.0671 Y9.5557
G01 X2.0646 Y9.5544
G01 X2.0621 Y9.5531
G01 X2.0594 Y9.5518
G01 X2.0567 Y9.5505
G01 X2.0539 Y9.5491
G01 X2.0510 Y9.5477
G01 X2.0480 Y9.5463
G01 X2.0450 Y9.5449
G01 X2.0419 Y9.5435
G01 X2.0387 Y9.5420
G01 X2.0354 Y9.5406
G01 X2.0321 Y9.5391
G01 X2.0287 Y9.5376
G01 X2.0253 Y9.5361
G01 X2.0218 Y9.5345
G01 X2.0182 Y9.5330
G01 X2.0146 Y9.5315
G01 X2.0109 Y9.5299
G01 X2.0072 Y9.5284
G01 X2.0035 Y9.5268
G01 X1.9997 Y9.5253
G01 X1.9959 Y9.5237
G01 X1.9920 Y9.5221
G01 X1.9881 Y9.5205
G01 X1.9842 Y9.5189
G01 X1.9802 Y9.5174
G01 X1.9762 Y9.5158
G01 X1.9722 Y9.5142
G01 X1.9682 Y9.5126
G01 X1.9641 Y9.5110
G01 X1.9601 Y9.5095
G01 X1.9560 Y9.5079
G01 X1.9519 Y9.5063
G01 X1.9478 Y9.5048
G01 X1.9437 Y9.5032
G01 X1.9396 Y9.5017
G01 X1.9355 Y9.5002
G01 X1.9314 Y9.4987
G01 X1.9273 Y9.4971
G01 X1.9233 Y9.4957
G01 X1.9192 Y9.4942
G01 X1.9151 Y9.4927
G01 X1.9111 Y9.4913
G01 X1.9071 Y9.4898
G01 X1.9031 Y9.4884
G01 X1.8991 Y9.4870
G01 X1.8952 Y9.4856
G01 X1.8913 Y9.4843
G01 X1.8874 Y9.4829
G01 X1.8835 Y9.4816
G01 X1.8797 Y9.4803
G01 X1.8759 Y9.4790
G01 X1.8722 Y9.4778
G01 X1.8658 Y9.4758
G01 X1.8595 Y9.4737
G01 X1.8534 Y9.4717
G01 X1.8473 Y9.4696
G01 X1.8414 Y9.4676
G01 X1.8356 Y9.4655
G01 X1.8300 Y9.4635
G01 X1.8246 Y9.4615
G01 X1.8193 Y9.4594
G01 X1.8141 Y9.4574
G01 X1.8092 Y9.4555
G01 X1.8044 Y9.4535
G01 X1.7998 Y9.4516
G01 X1.7954 Y9.4498
G01 X1.7912 Y9.4479
G01 X1.7873 Y9.4462
G01 X1.7835 Y9.4444
G01 X1.7800 Y9.4428
G01 X1.7767 Y9.4411
G01 X1.7737 Y9.4396
G01 X1.7709 Y9.4381
G01 X1.7684 Y9.4367
G01 X1.7661 Y9.4353
G01 X1.7641 Y9.4341
G01 X1.7624 Y9.4329
G01 X1.7610 Y9.4318
G01 X1.7598 Y9.4308
G01 X1.7590 Y9.4299
G01 X1.7584 Y9.4291
G01 X1.7582 Y9.4284
G01 X1.7583 Y9.4278
G01 X1.7591 Y9.4257
G01 X1.7585 Y9.4240
G01 X1.7568 Y9.4227
G01 X1.7540 Y9.4218
G01 X1.7502 Y9.4213
G01 X1.7455 Y9.4213
G01 X1.7399 Y9.4217
G01 X1.7335 Y9.4224
G01 X1.7264 Y9.4236
G01 X1.7187 Y9.4251
G01 X1.7122 Y9.4263
G01 X1.7069 Y9.4272
G01 X1.7029 Y9.4278
G01 X1.7001 Y9.4281
G01 X1.6984 Y9.4281
G01 X1.6980 Y9.4277
G01 X1.6988 Y9.4269
G01 X1.7009 Y9.4257
G01 X1.7041 Y9.4241
G01 X1.7085 Y9.4221
G01 X1.7141 Y9.4196
G01 X1.7208 Y9.4167
G01 X1.7227 Y9.4159
G01 X1.7246 Y9.4152
G01 X1.7266 Y9.4146
G01 X1.7285 Y9.4140
G01 X1.7305 Y9.4135
G01 X1.7325 Y9.4131
G01 X1.7346 Y9.4127
G01 X1.7367 Y9.4124
G01 X1.7389 Y9.4122
G01 X1.7411 Y9.4120
G01 X1.7434 Y9.4119
G01 X1.7458 Y9.4119
G01 X1.7483 Y9.4120
G01 X1.7508 Y9.4121
G01 X1.7535 Y9.4124
G01 X1.7562 Y9.4127
G01 X1.7590 Y9.4131
G01 X1.7620 Y9.4135
G01 X1.7650 Y9.4141
G01 X1.7682 Y9.4147
G01 X1.7715 Y9.4155
G01 X1.7750 Y9.4163
G01 X1.7785 Y9.4172
G01 X1.7823 Y9.4182
G01 X1.7861 Y9.4192
G01 X1.7902 Y9.4204
G01 X1.7944 Y9.4217
G01 X1.7987 Y9.4230
G01 X1.8032 Y9.4245
G01 X1.8080 Y9.4261
G01 X1.8128 Y9.4277
G01 X1.8179 Y9.4295
G01 X1.8232 Y9.4313
G01 X1.8287 Y9.4333
G01 X1.8344 Y9.4353
G01 X1.8403 Y9.4375
G01 X1.8464 Y9.4398
G01 X1.8528 Y9.4422
G01 X1.8594 Y9.4447
G01 X1.8662 Y9.4472
G01 X1.8732 Y9.4500
G01 X1.8806 Y9.4528
G01 X1.8852 Y9.4546
G01 X1.8898 Y9.4565
G01 X1.8945 Y9.4584
G01 X1.8992 Y9.4604
G01 X1.9040 Y9.4624
G01 X1.9087 Y9.4644
G01 X1.9135 Y9.4664
G01 X1.9183 Y9.4684
G01 X1.9231 Y9.4705
G01 X1.9280 Y9.4726
G01 X1.9328 Y9.4747
G01 X1.9377 Y9.4768
G01 X1.9425 Y9.4790
G01 X1.9474 Y9.4811
G01 X1.9523 Y9.4833
G01 X1.9571 Y9.4855
G01 X1.9620 Y9.4877
G01 X1.9668 Y9.4899
G01 X1.9717 Y9.4921
G01 X1.9765 Y9.4943
G01 X1.9813 Y9.4965
G01 X1.9862 Y9.4988
G01 X1.9909 Y9.5010
G01 X1.9957 Y9.5033
G01 X2.0005 Y9.5055
G01 X2.0052 Y9.5077
G01 X2.0099 Y9.5100
G01 X2.0145 Y9.5122
G01 X2.0191 Y9.5145
G01 X2.0237 Y9.5167
G01 X2.0283 Y9.5189
G01 X2.0328 Y9.5211
G01 X2.0373 Y9.5233
G01 X2.0417 Y9.5255
G01 X2.0461 Y9.5277
G01 X2.0504 Y9.5299
G01 X2.0546 Y9.5320
G01 X2.0589 Y9.5342
G01 X2.0630 Y9.5363
G01 X2.0671 Y9.5384
G01 X2.0711 Y9.5405
G01 X2.0751 Y9.5426
G01 X2.0790 Y9.5446
G01 X2.0828 Y9.5466
G01 X2.0866 Y9.5486
G01 X2.0902 Y9.5506
G01 X2.0938 Y9.5525
G01 X2.0973 Y9.5544
G01 X2.1008 Y9.5563
G01 X2.1041 Y9.5582
G01 X2.1074 Y9.5600
G01 X2.1105 Y9.5618
G01 X2.1136 Y9.5635
G01 X2.1166 Y9.5652
G01 X2.1195 Y9.5669
G01 X2.1222 Y9.5686
G01 X2.1249 Y9.5702
G01 X2.1275 Y9.5717
G01 X2.1299 Y9.5732
G01 X2.1323 Y9.5747
G01 X2.1345 Y9.5761
G01 X2.1366 Y9.5775
G01 X2.1386 Y9.5788
G01 X2.1405 Y9.5801
G01 X2.1423 Y9.5813
G01 X2.1439 Y9.5825
G01 X2.1454 Y9.5836
G01 X2.1468 Y9.5847
G01 X2.1480 Y9.5857
G01 X2.1491 Y9.5867
G01 X2.1501 Y9.5876
G01 X2.1509 Y9.5884
G01 X2.1516 Y9.5892
G01 X2.1521 Y9.5899
G01 X2.1525 Y9.5906
G01 X2.1527 Y9.5911
G01 X2.1528 Y9.5917
G01 X2.1528 Y9.5927
G01 X2.1528 Y9.5936
G01 X2.1527 Y9.5943
G01 X2.1525 Y9.5950
G01 X2.1522 Y9.5955
G01 X2.1517 Y9.5958
G01 X2.1510 Y9.5960
G01 X2.1500 Y9.5959
G01 X2.1487 Y9.5957
G01 X2.1472 Y9.5952
G01 X2.1452 Y9.5945
G01 X2.1429 Y9.5936
G01 X2.1401 Y9.5924
G01 X2.1368 Y9.5909
G01 X2.1330 Y9.5890
G01 X2.1287 Y9.5869
G01 X2.1238 Y9.5845
G01 X2.1182 Y9.5817
G01 X2.1120 Y9.5786
G01 X2.1050 Y9.5750
G01 X2.0973 Y9.5711
G01 X2.0889 Y9.5668
G01 X2.0796 Y9.5621
G01 X2.0694 Y9.5569
M2
